id,file_name,color,shape,box
1,BlueCubeLeft-10-_jpg.rf.16abfde3453f533d420903dba0457b6f.jpg,Blue,Cube,3
2,BlueCubeLeft-10-_jpg.rf.8a7c8c51e82d268b69251049c113da03.jpg,Blue,Cube,3
3,BlueCubeLeft-10-_jpg.rf.bd59af64dc6c4d10867daa7f582e16ba.jpg,Blue,Cube,3
4,BlueCubeLeft-11-_jpg.rf.22ce9fb1314f97f30b7a5b0f455d4a9d.jpg,Blue,Cube,3
5,BlueCubeLeft-11-_jpg.rf.53bc51ef31b01bb22f9174afc38a456f.jpg,Blue,Cube,3
6,BlueCubeLeft-11-_jpg.rf.96eee984f4ce2fd7aae1c29afa456e01.jpg,Blue,Cube,3
7,BlueCubeLeft-12-_jpg.rf.2612e589788b88dfb1103ca09ecf6948.jpg,Blue,Cube,3
8,BlueCubeLeft-12-_jpg.rf.aaa1a4b01f659fad0c974b927180f0d4.jpg,Blue,Cube,3
9,BlueCubeLeft-12-_jpg.rf.e3397883425c07136898d69c9bc1cec1.jpg,Blue,Cube,3
10,BlueCubeLeft-13-_jpg.rf.488691a801618a4caa625f740266859b.jpg,Blue,Cube,3
11,BlueCubeLeft-13-_jpg.rf.4e712a91ddac72ce1ae77bb597e5d6f8.jpg,Blue,Cube,3
12,BlueCubeLeft-13-_jpg.rf.9f94ca9bf9ff14d5f70373d011e574b6.jpg,Blue,Cube,3
13,BlueCubeLeft-14-_jpg.rf.5f232d22fb731f44c07519e4e4977da9.jpg,Blue,Cube,3
14,BlueCubeLeft-14-_jpg.rf.b973749e7b7016cc987c07b881073aab.jpg,Blue,Cube,3
15,BlueCubeLeft-14-_jpg.rf.cac790d560c8f31bb991fa8af88a273d.jpg,Blue,Cube,3
16,BlueCubeLeft-15-_jpg.rf.0cb8498058c76a7e5688b3e1a635c30a.jpg,Blue,Cube,3
17,BlueCubeLeft-15-_jpg.rf.63386f43dfdc6fb33bb2f4acb2c96469.jpg,Blue,Cube,3
18,BlueCubeLeft-15-_jpg.rf.b5d7e4706f9cf483f0f1ba00bdcd1fcf.jpg,Blue,Cube,3
19,BlueCubeLeft-16-_jpg.rf.8b13dca96672ba8c78039c66e788517d.jpg,Blue,Cube,3
20,BlueCubeLeft-16-_jpg.rf.9cbd276c0577765d3e3f860cd02ec1f8.jpg,Blue,Cube,3
21,BlueCubeLeft-16-_jpg.rf.a5c05d85b27801b0478dae9946c3a641.jpg,Blue,Cube,3
22,BlueCubeLeft-17-_jpg.rf.8c93b7b52247ceb1a8cd1c260c640bb7.jpg,Blue,Cube,3
23,BlueCubeLeft-17-_jpg.rf.deb12b719c3155fa3e630ce56184185d.jpg,Blue,Cube,3
24,BlueCubeLeft-17-_jpg.rf.ef347cf09545ecf187a7301da51aa582.jpg,Blue,Cube,3
25,BlueCubeLeft-18-_jpg.rf.77327e098cd156b5a0aa7b9a3babfe3b.jpg,Blue,Cube,3
26,BlueCubeLeft-18-_jpg.rf.7bf0e0e6f4c02140fdedace34cf317bb.jpg,Blue,Cube,3
27,BlueCubeLeft-18-_jpg.rf.acbed23d2c2006222677dee2f9207f2e.jpg,Blue,Cube,3
28,BlueCubeLeft-19-_jpg.rf.68268e8ff2cd79a3b783a7550d050da0.jpg,Blue,Cube,3
29,BlueCubeLeft-19-_jpg.rf.edd4bb2b30ae17648b00fcaaf11bb09c.jpg,Blue,Cube,3
30,BlueCubeLeft-20-_jpg.rf.5ee770632695b2bdcfc02e16e15397ef.jpg,Blue,Cube,3
31,BlueCubeLeft-20-_jpg.rf.9c57c1e30e67d53750023f4d6370ad8e.jpg,Blue,Cube,3
32,BlueCubeLeft-20-_jpg.rf.d24fbbb31a9574f59f500adf32822a6e.jpg,Blue,Cube,3
33,BlueCubeLeft-21-_jpg.rf.406fe6c4d88d849755f2c57f7824ae9e.jpg,Blue,Cube,3
34,BlueCubeLeft-21-_jpg.rf.455c422f0d79072a692024af9178497c.jpg,Blue,Cube,3
35,BlueCubeLeft-21-_jpg.rf.4d0dfab913e68f7ce94fea0e533e9762.jpg,Blue,Cube,3
36,BlueCubeLeft-22-_jpg.rf.2930bb4c23a3ab9e88cb8753237a3779.jpg,Blue,Cube,3
37,BlueCubeLeft-22-_jpg.rf.6904ac5e2e8988cb5a2707a3308c7a37.jpg,Blue,Cube,3
38,BlueCubeLeft-22-_jpg.rf.f6c2097032d2b6fcebdbf9fb14432aec.jpg,Blue,Cube,3
39,BlueCubeLeft-23-_jpg.rf.5df2a3920c5cdb2a95f00ab0b0cd17a2.jpg,Blue,Cube,3
40,BlueCubeLeft-23-_jpg.rf.60358d5924cc802a263aeab821a18229.jpg,Blue,Cube,3
41,BlueCubeLeft-23-_jpg.rf.b9a18934bb763b3feb5826ff2852cd61.jpg,Blue,Cube,3
42,BlueCubeLeft-24-_jpg.rf.25fb97503b5e1dc70004232cbaa35f31.jpg,Blue,Cube,3
43,BlueCubeLeft-24-_jpg.rf.5e42cf827a585cb6cb495aaa61de75ab.jpg,Blue,Cube,3
44,BlueCubeLeft-24-_jpg.rf.a2423cb79e64ebbbd937c077addae280.jpg,Blue,Cube,3
45,BlueCubeLeft-25-_jpg.rf.6fd458948acfcf788380d309a7893455.jpg,Blue,Cube,3
46,BlueCubeLeft-25-_jpg.rf.b1888784881b4a06fdef81e174fb4544.jpg,Blue,Cube,3
47,BlueCubeLeft-25-_jpg.rf.b2097eb941e04a0f1614d546f028e5ac.jpg,Blue,Cube,3
48,BlueCubeLeft-26-_jpg.rf.231b3d8211173311722476ab0666b78c.jpg,Blue,Cube,3
49,BlueCubeLeft-26-_jpg.rf.537c2ca89e6d61c748accdd069e4d3d4.jpg,Blue,Cube,3
50,BlueCubeLeft-26-_jpg.rf.a5fddd9539b4e8856a73317d6fc30cf2.jpg,Blue,Cube,3
51,BlueCubeLeft-27-_jpg.rf.17f3743697a386a40c55091d4d0d201f.jpg,Blue,Cube,3
52,BlueCubeLeft-27-_jpg.rf.2094ce760f4f3cdea82d165d7ec7d334.jpg,Blue,Cube,3
53,BlueCubeLeft-27-_jpg.rf.d56238dd74cc0d706924b32afab991c4.jpg,Blue,Cube,3
54,BlueCubeLeft-28-_jpg.rf.4a1ac3d97beeb46fdb9ddbd69cc922b5.jpg,Blue,Cube,3
55,BlueCubeLeft-28-_jpg.rf.a1e3b51c4e031ec3b29ae28622caf36c.jpg,Blue,Cube,3
56,BlueCubeLeft-28-_jpg.rf.b3f594cc51074ec341096e7bcaf719cb.jpg,Blue,Cube,3
57,BlueCubeLeft-29-_jpg.rf.0377ffe1137e1fad38b4590d17080915.jpg,Blue,Cube,3
58,BlueCubeLeft-29-_jpg.rf.a57071563e9098a3877ef6700ab459ca.jpg,Blue,Cube,3
59,BlueCubeLeft-29-_jpg.rf.dd58f471b52d5375696b052fbb83d448.jpg,Blue,Cube,3
60,BlueCubeLeft-30-_jpg.rf.50ccc04f990a6d89472908b2a0fccd30.jpg,Blue,Cube,3
61,BlueCubeLeft-30-_jpg.rf.5dbe745ef60f7b9f874eb274002483f8.jpg,Blue,Cube,3
62,BlueCubeLeft-30-_jpg.rf.d6455efe1ab9e86efa84732b33e142b3.jpg,Blue,Cube,3
63,BlueCubeLeft-31-_jpg.rf.60b52945a106269cae8c02a98a8e5816.jpg,Blue,Cube,3
64,BlueCubeLeft-31-_jpg.rf.84c4d28c91f708599d8016a056883c3b.jpg,Blue,Cube,3
65,BlueCubeLeft-31-_jpg.rf.d5f58d51a0a4b019509776fb2b5986ca.jpg,Blue,Cube,3
66,BlueCubeLeft-32-_jpg.rf.8734a9c1c5e056a85d0dbe734a91f1b9.jpg,Blue,Cube,3
67,BlueCubeLeft-32-_jpg.rf.c44e380b0a225b14d2fa26c866d81ccd.jpg,Blue,Cube,3
68,BlueCubeLeft-32-_jpg.rf.f18dd19debd883e1348f62faf77a3714.jpg,Blue,Cube,3
69,BlueCubeLeft-33-_jpg.rf.cabe01ce6c0b64edd9d10ebc59f22250.jpg,Blue,Cube,3
70,BlueCubeLeft-33-_jpg.rf.de2fe417bf805df2ada8fdd49d77b4ab.jpg,Blue,Cube,3
71,BlueCubeLeft-33-_jpg.rf.fa96b065c8acd16235b5ce2020298333.jpg,Blue,Cube,3
72,BlueCubeLeft-34-_jpg.rf.2bb1e729066857c04d87bea125076f73.jpg,Blue,Cube,3
73,BlueCubeLeft-34-_jpg.rf.35846ef9faec35943b64d2428838efea.jpg,Blue,Cube,3
74,BlueCubeLeft-35-_jpg.rf.36148014d75b72f7f7d3ecc32a887d6c.jpg,Blue,Cube,3
75,BlueCubeLeft-35-_jpg.rf.4e5351283522a723a15042a53ca65a67.jpg,Blue,Cube,3
76,BlueCubeLeft-35-_jpg.rf.b17f162e7a2392a17a334a9ffa34f29a.jpg,Blue,Cube,3
77,BlueCubeLeft-36-_jpg.rf.281282ba12a5517cdf70874ed842ae8f.jpg,Blue,Cube,3
78,BlueCubeLeft-36-_jpg.rf.81a1a1ad0297ced0b00fdd09edc339a3.jpg,Blue,Cube,3
79,BlueCubeLeft-36-_jpg.rf.c50a475651b64010a9ad0221c4836aa8.jpg,Blue,Cube,3
80,BlueCubeLeft-7-_jpg.rf.2ab5c6edaa14dab4f581d73e0e36da80.jpg,Blue,Cube,3
81,BlueCubeLeft-7-_jpg.rf.3c5c7a29384d08fb38960e221dba40ed.jpg,Blue,Cube,3
82,BlueCubeLeft-7-_jpg.rf.e9a3406d9e9241c391eb152c5160f146.jpg,Blue,Cube,3
83,BlueCubeLeft-8-_jpg.rf.834e00e6b53f074d60b6db9e719c081e.jpg,Blue,Cube,3
84,BlueCubeLeft-8-_jpg.rf.e1e75aefec9b710b4bfbb3ac5f99a8c7.jpg,Blue,Cube,3
85,BlueCubeLeft-8-_jpg.rf.f8b48d9b5180d0afaa9167f0b6c07941.jpg,Blue,Cube,3
86,BlueCubeLeft-9-_jpg.rf.3ac798fa151d94e1a567f176514d4be4.jpg,Blue,Cube,3
87,BlueCubeLeft-9-_jpg.rf.bb3a30c8acb085228e05ecd3c9f01603.jpg,Blue,Cube,3
88,BlueCubeLeft-9-_jpg.rf.e2c788e52d8382bc1643cdc8d58afa07.jpg,Blue,Cube,3
89,BlueCubeMiddle-10-_jpg.rf.ba72dbecf971fdf31eb3d681f3b44e8a.jpg,Blue,Cube,3
90,BlueCubeMiddle-10-_jpg.rf.c7e12e07e87cb0faa218fee7e6b9e545.jpg,Blue,Cube,3
91,BlueCubeMiddle-10-_jpg.rf.c967cec8188e603014ca328dd42f0702.jpg,Blue,Cube,3
92,BlueCubeMiddle-11-_jpg.rf.5ccfb9815e37c8d1387f051d0e49313d.jpg,Blue,Cube,3
93,BlueCubeMiddle-11-_jpg.rf.94fc69f92613f9a0e3d72cf8694a9152.jpg,Blue,Cube,3
94,BlueCubeMiddle-11-_jpg.rf.f808b3ee2533ec6f2370fefa4dbfba95.jpg,Blue,Cube,3
95,BlueCubeMiddle-13-_jpg.rf.081d8f4bbe834804d7f4e022e71c88da.jpg,Blue,Cube,3
96,BlueCubeMiddle-13-_jpg.rf.12474cc6fc961059d29d77c06fadd926.jpg,Blue,Cube,3
97,BlueCubeMiddle-13-_jpg.rf.fd391ad0fd7886310249a67838a83eef.jpg,Blue,Cube,3
98,BlueCubeMiddle-14-_jpg.rf.3087b83ee98a7a3651aecb1cbc85f2a6.jpg,Blue,Cube,3
99,BlueCubeMiddle-14-_jpg.rf.724f771f73a567f8c299da78bd3d4c4c.jpg,Blue,Cube,3
100,BlueCubeMiddle-15-_jpg.rf.2af00a076aa6aa96a5b4803d6c7318ef.jpg,Blue,Cube,3
101,BlueCubeMiddle-15-_jpg.rf.35d0adfea7159630e837bef446871f4d.jpg,Blue,Cube,3
102,BlueCubeMiddle-15-_jpg.rf.5ae9fa53632e4f76c73e5c589b821872.jpg,Blue,Cube,3
103,BlueCubeMiddle-16-_jpg.rf.55c4309b6e31db696408187b81581fa8.jpg,Blue,Cube,3
104,BlueCubeMiddle-16-_jpg.rf.94637c5eaeac0a1f294a9567cfe578f6.jpg,Blue,Cube,3
105,BlueCubeMiddle-16-_jpg.rf.d294a4479e05fb458b80244fd507ea5e.jpg,Blue,Cube,3
106,BlueCubeMiddle-17-_jpg.rf.a9bf9fa0505d2787f18aa16c4549d9cd.jpg,Blue,Cube,3
107,BlueCubeMiddle-17-_jpg.rf.df32e720cafc4eff684fe698abc3e28d.jpg,Blue,Cube,3
108,BlueCubeMiddle-17-_jpg.rf.f4daf2072a9892ad767f8a7b6c7f82ff.jpg,Blue,Cube,3
109,BlueCubeMiddle-18-_jpg.rf.5311aca86b3e773fb387b5572a5c0c71.jpg,Blue,Cube,3
110,BlueCubeMiddle-18-_jpg.rf.c78bf1d5978f1e66ae75cbba3495f177.jpg,Blue,Cube,3
111,BlueCubeMiddle-18-_jpg.rf.f7bcbe2a38536b5027e90d2e48b8fc53.jpg,Blue,Cube,3
112,BlueCubeMiddle-19-_jpg.rf.5b96da52c895e6d7c8778fcf6a01dccb.jpg,Blue,Cube,3
113,BlueCubeMiddle-19-_jpg.rf.8dfdf4fe3137b73d0ccf619a1ae6db04.jpg,Blue,Cube,3
114,BlueCubeMiddle-19-_jpg.rf.ad2caeecc2928ee75dbb4b562a6d84e7.jpg,Blue,Cube,3
115,BlueCubeMiddle-20-_jpg.rf.ac038ff1916f88e49fd9912d2ea5e974.jpg,Blue,Cube,3
116,BlueCubeMiddle-20-_jpg.rf.ac39175e29ef635d4333b957522ad184.jpg,Blue,Cube,3
117,BlueCubeMiddle-20-_jpg.rf.f9955713ebb11cd1cfb1f1615ca43fe1.jpg,Blue,Cube,3
118,BlueCubeMiddle-21-_jpg.rf.08a14eab49103f1ce3e657ab4c4d7048.jpg,Blue,Cube,3
119,BlueCubeMiddle-21-_jpg.rf.982b657a5518e6654965f841f0a95c8a.jpg,Blue,Cube,3
120,BlueCubeMiddle-21-_jpg.rf.a8d063840590d7509236d172363241ba.jpg,Blue,Cube,3
121,BlueCubeMiddle-22-_jpg.rf.51aeb22e3d639cecbee7ca1956a977d4.jpg,Blue,Cube,3
122,BlueCubeMiddle-22-_jpg.rf.89cb64758e179b4187b184246f308d63.jpg,Blue,Cube,3
123,BlueCubeMiddle-22-_jpg.rf.f78a9dd18af1e900e9868d3d824d2cff.jpg,Blue,Cube,3
124,BlueCubeMiddle-23-_jpg.rf.1528b6f5ead2dd6811fb169bc9888cc2.jpg,Blue,Cube,3
125,BlueCubeMiddle-23-_jpg.rf.2d69bc19cfb18c3def3f643cf7fe3de2.jpg,Blue,Cube,3
126,BlueCubeMiddle-23-_jpg.rf.2e034a922da05746eb4800d627d033d6.jpg,Blue,Cube,3
127,BlueCubeMiddle-24-_jpg.rf.7805b7f99e00caa3eb22dc2e40fa8d86.jpg,Blue,Cube,3
128,BlueCubeMiddle-24-_jpg.rf.962a753c3ae86973a924991ef70a1de8.jpg,Blue,Cube,3
129,BlueCubeMiddle-24-_jpg.rf.dd8a23e5238d39f706fa984749601347.jpg,Blue,Cube,3
130,BlueCubeMiddle-25-_jpg.rf.0c9e7d54f89d542c380998bbfbea27f0.jpg,Blue,Cube,3
131,BlueCubeMiddle-25-_jpg.rf.62e23073d1b85545625561b606de9cc9.jpg,Blue,Cube,3
132,BlueCubeMiddle-26-_jpg.rf.17bdfc31f41ef0f539de9b031e4878d3.jpg,Blue,Cube,3
133,BlueCubeMiddle-26-_jpg.rf.92fdefb9b197ac99dfd369e711292379.jpg,Blue,Cube,3
134,BlueCubeMiddle-26-_jpg.rf.9e2305622c00177e95116d8ebcbdaffc.jpg,Blue,Cube,3
135,BlueCubeMiddle-27-_jpg.rf.3f8067a63a1bbcebd5f41bcf41299a27.jpg,Blue,Cube,3
136,BlueCubeMiddle-27-_jpg.rf.5480baf36255d3031b718a31c72bc84f.jpg,Blue,Cube,3
137,BlueCubeMiddle-27-_jpg.rf.886e0e877e6ff4839c24c10d3206b27b.jpg,Blue,Cube,3
138,BlueCubeMiddle-28-_jpg.rf.1c8f2cb65085b6044c98abc0993ce72c.jpg,Blue,Cube,3
139,BlueCubeMiddle-28-_jpg.rf.b22b5c076755fdfbde3bb5166f142564.jpg,Blue,Cube,3
140,BlueCubeMiddle-28-_jpg.rf.f318f16f794551150e36c06a83bd6d61.jpg,Blue,Cube,3
141,BlueCubeMiddle-29-_jpg.rf.cdf9f4066cf267af4d06d820bf08e36b.jpg,Blue,Cube,3
142,BlueCubeMiddle-29-_jpg.rf.f5968d5298645a4691ffa8edcb61a385.jpg,Blue,Cube,3
143,BlueCubeMiddle-30-_jpg.rf.8a300e450e36efec8379372e721d346c.jpg,Blue,Cube,3
144,BlueCubeMiddle-30-_jpg.rf.9841f2172e1664a70772db04fc000ebd.jpg,Blue,Cube,3
145,BlueCubeMiddle-30-_jpg.rf.a507f18d8c45d64ba9039e87e43635d2.jpg,Blue,Cube,3
146,BlueCubeMiddle-31-_jpg.rf.6b34201c8596e315f7f2ef4c190c8ee2.jpg,Blue,Cube,3
147,BlueCubeMiddle-31-_jpg.rf.b55d0a222c981d8dac7efe640a6a4791.jpg,Blue,Cube,3
148,BlueCubeMiddle-31-_jpg.rf.f7fb6caa38ba70ae5677328a7fe4cc6c.jpg,Blue,Cube,3
149,BlueCubeMiddle-32-_jpg.rf.08ccfbeeb09c937d29c758bd59da5f0c.jpg,Blue,Cube,3
150,BlueCubeMiddle-32-_jpg.rf.542c184fb478816df24d345c1cc6a7ac.jpg,Blue,Cube,3
151,BlueCubeMiddle-32-_jpg.rf.af1b548e8484c8a5a1fdb40a95040304.jpg,Blue,Cube,3
152,BlueCubeMiddle-33-_jpg.rf.bb3d02ba39aca871f8b55fdaea75a998.jpg,Blue,Cube,3
153,BlueCubeMiddle-33-_jpg.rf.e6ea6d34c1cde7a45c8377ba5fec55ff.jpg,Blue,Cube,3
154,BlueCubeMiddle-33-_jpg.rf.ebb41e8f80b8ae4bd768c5c642859666.jpg,Blue,Cube,3
155,BlueCubeMiddle-4-_jpg.rf.526ed89c3fd8a0a2516e9783c170a60d.jpg,Blue,Cube,3
156,BlueCubeMiddle-4-_jpg.rf.6a9fa9883f222950c43c86057e509e47.jpg,Blue,Cube,3
157,BlueCubeMiddle-4-_jpg.rf.f62dd652a1ea26dadb5aaa406fe2fdd3.jpg,Blue,Cube,3
158,BlueCubeMiddle-5-_jpg.rf.150c63e3ffcd8aee0f5d139002561b38.jpg,Blue,Cube,3
159,BlueCubeMiddle-5-_jpg.rf.442b14107194befba9670f66faba7cd8.jpg,Blue,Cube,3
160,BlueCubeMiddle-5-_jpg.rf.c7595a88ad59af08905ce64851711856.jpg,Blue,Cube,3
161,BlueCubeMiddle-6-_jpg.rf.2666ac458786d638f3d13b86950012dc.jpg,Blue,Cube,3
162,BlueCubeMiddle-6-_jpg.rf.9dfab0e947aff9565170d033d8ae1698.jpg,Blue,Cube,3
163,BlueCubeMiddle-6-_jpg.rf.c8290aa96a42dc04b042d99f4351af5c.jpg,Blue,Cube,3
164,BlueCubeMiddle-7-_jpg.rf.592381476b942b0c1c1ef136546ae59f.jpg,Blue,Cube,3
165,BlueCubeMiddle-7-_jpg.rf.61d4573d4320c0fe3735576ebbea7530.jpg,Blue,Cube,3
166,BlueCubeMiddle-7-_jpg.rf.dd21d93f326280d354301266cb729277.jpg,Blue,Cube,3
167,BlueCubeMiddle-8-_jpg.rf.2664776f424d949936f518f04958820f.jpg,Blue,Cube,3
168,BlueCubeMiddle-8-_jpg.rf.300fcd58bbb4d878bd7f8ac1867e16da.jpg,Blue,Cube,3
169,BlueCubeMiddle-8-_jpg.rf.ccb1bd1fce472803339d459c6d53df40.jpg,Blue,Cube,3
170,BlueCubeMiddle-9-_jpg.rf.0ef61518af2f55b44c9834f276587dcd.jpg,Blue,Cube,3
171,BlueCubeMiddle-9-_jpg.rf.82cd06d70a138250fead0d122f2d14a8.jpg,Blue,Cube,3
172,BlueCubeRight-10-_jpg.rf.0f8bfd6c98372d250f6a500158210ef3.jpg,Blue,Cube,3
173,BlueCubeRight-10-_jpg.rf.a1c9a2ea8fce0e9ff027db8b47162aa2.jpg,Blue,Cube,3
174,BlueCubeRight-10-_jpg.rf.e4016d6882265a149534b3cd8b9a01d2.jpg,Blue,Cube,3
175,BlueCubeRight-11-_jpg.rf.a125127b19576cbafd164ab1b1b87feb.jpg,Blue,Cube,3
176,BlueCubeRight-11-_jpg.rf.dc53747585d1bb2ad7b164263447b466.jpg,Blue,Cube,3
177,BlueCubeRight-11-_jpg.rf.e066bfe2a40d56c35b3f8889482b2a04.jpg,Blue,Cube,3
178,BlueCubeRight-12-_jpg.rf.0fae3a798d8a35c393f868572d7afc80.jpg,Blue,Cube,3
179,BlueCubeRight-12-_jpg.rf.68608313b60d194658ee0ae1f494e519.jpg,Blue,Cube,3
180,BlueCubeRight-12-_jpg.rf.c672709f8acb8a72a4a48a11ac7738db.jpg,Blue,Cube,3
181,BlueCubeRight-13-_jpg.rf.39622a7ddd59a9a717d04451f9919cd6.jpg,Blue,Cube,3
182,BlueCubeRight-13-_jpg.rf.9a893c746b97eb7b2374fb982272a540.jpg,Blue,Cube,3
183,BlueCubeRight-13-_jpg.rf.eadce94d02bbb44becb0ecf882fea1b4.jpg,Blue,Cube,3
184,BlueCubeRight-14-_jpg.rf.63fb5b84b2e260f440d1fcdb82b2b6db.jpg,Blue,Cube,3
185,BlueCubeRight-14-_jpg.rf.d8f3590520c3a801bce826d0ca526a44.jpg,Blue,Cube,3
186,BlueCubeRight-14-_jpg.rf.dcbd2befb2c30238e3a4ea5443015d25.jpg,Blue,Cube,3
187,BlueCubeRight-15-_jpg.rf.4af0710f53736ea41841bfd32b10bfb2.jpg,Blue,Cube,3
188,BlueCubeRight-15-_jpg.rf.a6515167a8c594d6edf955f57ea058d1.jpg,Blue,Cube,3
189,BlueCubeRight-15-_jpg.rf.e020f2a42b7de58e34216ae11759b148.jpg,Blue,Cube,3
190,BlueCubeRight-16-_jpg.rf.1811d300053a0f9ffb63264c2721f0b0.jpg,Blue,Cube,3
191,BlueCubeRight-16-_jpg.rf.c8f7f82666e347bb93144df7c37ba316.jpg,Blue,Cube,3
192,BlueCubeRight-16-_jpg.rf.e2a999620c836f3e8402046a5701cbeb.jpg,Blue,Cube,3
193,BlueCubeRight-17-_jpg.rf.4b5a8e5694a909a52d4770e3a5a0d04f.jpg,Blue,Cube,3
194,BlueCubeRight-17-_jpg.rf.60b38700e09f8dd4ada21efe57e480bc.jpg,Blue,Cube,3
195,BlueCubeRight-17-_jpg.rf.ea94a6f26b4855abfb5104089882c729.jpg,Blue,Cube,3
196,BlueCubeRight-18-_jpg.rf.b09cdfad55e4afe849652e5c5bfc6d55.jpg,Blue,Cube,3
197,BlueCubeRight-18-_jpg.rf.d66532efb09677b13107349507a8d237.jpg,Blue,Cube,3
198,BlueCubeRight-18-_jpg.rf.f2826970fdc7e52a8a23bca1e40b49c1.jpg,Blue,Cube,3
199,BlueCubeRight-19-_jpg.rf.25f44f7b9ffc83ee046f3f1c2af6b17c.jpg,Blue,Cube,3
200,BlueCubeRight-19-_jpg.rf.3d86439baa05256d65815048f38d2a51.jpg,Blue,Cube,3
201,BlueCubeRight-19-_jpg.rf.7092b57fb64afdcd01a278a3c14d25df.jpg,Blue,Cube,3
202,BlueCubeRight-20-_jpg.rf.3c3a492d0043184046b20f8890331767.jpg,Blue,Cube,3
203,BlueCubeRight-20-_jpg.rf.9903fd52c9fd1cd9d1bd3bbb99560b2d.jpg,Blue,Cube,3
204,BlueCubeRight-20-_jpg.rf.da81b9c6d6d6e6a0569ec86e9e501b69.jpg,Blue,Cube,3
205,BlueCubeRight-21-_jpg.rf.049bef424cf8cfdcb5d5f282fb8515ac.jpg,Blue,Cube,3
206,BlueCubeRight-21-_jpg.rf.917707b2ec57c798e40085e1cf031c9b.jpg,Blue,Cube,3
207,BlueCubeRight-21-_jpg.rf.a5019a6d32a24bc505c756fdc9105a2e.jpg,Blue,Cube,3
208,BlueCubeRight-22-_jpg.rf.13b6053f2fb1b4520b644be49af2bf44.jpg,Blue,Cube,3
209,BlueCubeRight-22-_jpg.rf.302e3ebdf5f88f4012a54eb09457f213.jpg,Blue,Cube,3
210,BlueCubeRight-22-_jpg.rf.b19d6a2f282d2873baee0e221eab36fe.jpg,Blue,Cube,3
211,BlueCubeRight-23-_jpg.rf.83efda9dd07cfeea463141463196dfff.jpg,Blue,Cube,3
212,BlueCubeRight-23-_jpg.rf.900b0db184e0010c6353f77ec35a699f.jpg,Blue,Cube,3
213,BlueCubeRight-23-_jpg.rf.a1ce5b49fe0d017e731ade3599f88a94.jpg,Blue,Cube,3
214,BlueCubeRight-24-_jpg.rf.26b8b9dff87dd006104fd1c44fbb1ca1.jpg,Blue,Cube,3
215,BlueCubeRight-24-_jpg.rf.ac878f689f9869673f51655116b3359e.jpg,Blue,Cube,3
216,BlueCubeRight-24-_jpg.rf.c83b992d27e6105b769062644618f966.jpg,Blue,Cube,3
217,BlueCubeRight-25-_jpg.rf.288c57a4921cf1073bd44b01c0b307b8.jpg,Blue,Cube,3
218,BlueCubeRight-25-_jpg.rf.558c7d2f3ac2d16d905975e7859b34a9.jpg,Blue,Cube,3
219,BlueCubeRight-25-_jpg.rf.df6e8a39d437d32257b485ca0878ea17.jpg,Blue,Cube,3
220,BlueCubeRight-26-_jpg.rf.77eabaf5f212f4ecc160a720ea0b3332.jpg,Blue,Cube,3
221,BlueCubeRight-26-_jpg.rf.7a84ce6503eb8ac764b8a14d3e5fd7ba.jpg,Blue,Cube,3
222,BlueCubeRight-26-_jpg.rf.f0a1cedf6010cfa381671c37b9864d48.jpg,Blue,Cube,3
223,BlueCubeRight-27-_jpg.rf.662ddf0adc7f0957e1585ca680cf7a6f.jpg,Blue,Cube,3
224,BlueCubeRight-27-_jpg.rf.b8ede3609093c734cdbb58fc78dcdf7d.jpg,Blue,Cube,3
225,BlueCubeRight-27-_jpg.rf.d53d27f8324c98fcda132420db087973.jpg,Blue,Cube,3
226,BlueCubeRight-28-_jpg.rf.1994ec0dc5289d05f09570037dfee9a8.jpg,Blue,Cube,3
227,BlueCubeRight-28-_jpg.rf.95e10445e434895a64acd4427eccaae1.jpg,Blue,Cube,3
228,BlueCubeRight-28-_jpg.rf.ac60c0565779b9042c41be444e58e438.jpg,Blue,Cube,3
229,BlueCubeRight-29-_jpg.rf.240a92a7b99d55464b83b103d74e81df.jpg,Blue,Cube,3
230,BlueCubeRight-29-_jpg.rf.83a601206be665ad8b19bb2f6ea11527.jpg,Blue,Cube,3
231,BlueCubeRight-29-_jpg.rf.907f474422ffbcece735948497fa6474.jpg,Blue,Cube,3
232,BlueCubeRight-3-_jpg.rf.c5c7c0b1f69fb178bb0b0a5512a7efa9.jpg,Blue,Cube,3
233,BlueCubeRight-3-_jpg.rf.cc346cad4ee2f3b224b87521c32864be.jpg,Blue,Cube,3
234,BlueCubeRight-3-_jpg.rf.d685c1d6903c73b2d7e320e2967f2070.jpg,Blue,Cube,3
235,BlueCubeRight-30-_jpg.rf.83a9197cd97917d662dd9a0db01f65e2.jpg,Blue,Cube,3
236,BlueCubeRight-30-_jpg.rf.c329e1d9230d2df33b52ae0f60f64326.jpg,Blue,Cube,3
237,BlueCubeRight-30-_jpg.rf.d746e9e67241ab8ab899e96fd573d41b.jpg,Blue,Cube,3
238,BlueCubeRight-31-_jpg.rf.762b6da76485b5e5b345b030cd749678.jpg,Blue,Cube,3
239,BlueCubeRight-31-_jpg.rf.8cee475126f95bd0581b0838637ba58a.jpg,Blue,Cube,3
240,BlueCubeRight-31-_jpg.rf.8cf7993f7b9c791d9bacce774526a0ef.jpg,Blue,Cube,3
241,BlueCubeRight-32-_jpg.rf.02bd1deef11116115ccd544dfadfedd9.jpg,Blue,Cube,3
242,BlueCubeRight-32-_jpg.rf.62c9305f13e005d6bff74aa23f1e4156.jpg,Blue,Cube,3
243,BlueCubeRight-32-_jpg.rf.cb2bfb6771091ab5ac09373e3d33ff56.jpg,Blue,Cube,3
244,BlueCubeRight-4-_jpg.rf.0225685249bb85035fd85ce68596216c.jpg,Blue,Cube,3
245,BlueCubeRight-4-_jpg.rf.43bdf6c3068a013232418e981359e903.jpg,Blue,Cube,3
246,BlueCubeRight-4-_jpg.rf.ec7bdc26ee2c95259a13379f7a71246d.jpg,Blue,Cube,3
247,BlueCubeRight-5-_jpg.rf.073c49f523fc73e27484eff02f1f2532.jpg,Blue,Cube,3
248,BlueCubeRight-5-_jpg.rf.bd62fed222ef43bff062f167b9641dd5.jpg,Blue,Cube,3
249,BlueCubeRight-5-_jpg.rf.f6482185a47a11536dd4e0776e09edaa.jpg,Blue,Cube,3
250,BlueCubeRight-6-_jpg.rf.1c7c49ad268e3ddf67e0bed09a4f29ab.jpg,Blue,Cube,3
251,BlueCubeRight-6-_jpg.rf.308bc1edea651eeff1dc36c9845b5f5c.jpg,Blue,Cube,3
252,BlueCubeRight-6-_jpg.rf.e82aba489cda47b1b629648c0e36b4b6.jpg,Blue,Cube,3
253,BlueCubeRight-7-_jpg.rf.8a1e747c6cd4260d100dc871a9a8d591.jpg,Blue,Cube,3
254,BlueCubeRight-7-_jpg.rf.d662713f3a114eda1d171fd9fc63a5ce.jpg,Blue,Cube,3
255,BlueCubeRight-7-_jpg.rf.fa2d5594692fbf74daac3259b76721bd.jpg,Blue,Cube,3
256,BlueCubeRight-8-_jpg.rf.2f7e8eeb06c1dd77e45e06d3d5fae630.jpg,Blue,Cube,3
257,BlueCubeRight-8-_jpg.rf.8b7f0ae5304d02feb002b13d96c26c6b.jpg,Blue,Cube,3
258,BlueCubeRight-8-_jpg.rf.ff6ed38df81acd91cb3f791fa7d466aa.jpg,Blue,Cube,3
259,BlueCubeRight-9-_jpg.rf.127d9f11f540b8bab77165d744d8d2be.jpg,Blue,Cube,3
260,BlueCubeRight-9-_jpg.rf.1caede8875b90e0c6a6309a250fb7223.jpg,Blue,Cube,3
261,BlueCubeRight-9-_jpg.rf.9bf1e273db0feebbf48a53261e6bb983.jpg,Blue,Cube,3
262,GreenCubeLeft-10-_jpg.rf.03e1f75395165f7f7c41ea0f327f50f1.jpg,Green,Cube,2
263,GreenCubeLeft-10-_jpg.rf.527a2c4d15f67f115dba8cab1e27032e.jpg,Green,Cube,2
264,GreenCubeLeft-10-_jpg.rf.d0e63759f27967b8fbffa67cd45af615.jpg,Green,Cube,2
265,GreenCubeLeft-11-_jpg.rf.38f19059fb0335c35d22ed012bd4cae2.jpg,Green,Cube,2
266,GreenCubeLeft-11-_jpg.rf.75df705f05fe0d16a093e24e778b9cb8.jpg,Green,Cube,2
267,GreenCubeLeft-11-_jpg.rf.9cae42e4681cb62ae767851086e2c1cc.jpg,Green,Cube,2
268,GreenCubeLeft-12-_jpg.rf.0d50c90ec48232dc5e010859298cb5a0.jpg,Green,Cube,2
269,GreenCubeLeft-12-_jpg.rf.25fcbe34ab1a1ab0a2758a9ee06323e4.jpg,Green,Cube,2
270,GreenCubeLeft-12-_jpg.rf.57951cdc4f90571c43e198950d3f9001.jpg,Green,Cube,2
271,GreenCubeLeft-13-_jpg.rf.821bb2ea1ce2d595caec0c95f785c500.jpg,Green,Cube,2
272,GreenCubeLeft-13-_jpg.rf.870695c55f82960b7c354923c44933b1.jpg,Green,Cube,2
273,GreenCubeLeft-13-_jpg.rf.d30be2b8b98a8be3126d1f9db20de3b0.jpg,Green,Cube,2
274,GreenCubeLeft-14-_jpg.rf.3e1ea1f7766b5f734718b6310622a380.jpg,Green,Cube,2
275,GreenCubeLeft-14-_jpg.rf.74881b662aae43aec1099bbab3803a62.jpg,Green,Cube,2
276,GreenCubeLeft-14-_jpg.rf.d1826147231bbf68523848ab939ce769.jpg,Green,Cube,2
277,GreenCubeLeft-15-_jpg.rf.088eba1646acdb271ba17c2302007eaf.jpg,Green,Cube,2
278,GreenCubeLeft-15-_jpg.rf.d73fbbd52c11ccc152f4c7d467b5f1bf.jpg,Green,Cube,2
279,GreenCubeLeft-15-_jpg.rf.e0c06c1775b35119aef7ab5674be6fcc.jpg,Green,Cube,2
280,GreenCubeLeft-16-_jpg.rf.4f69c3cc4fc58dab3e503cef4e2cb823.jpg,Green,Cube,2
281,GreenCubeLeft-16-_jpg.rf.eaacce8e530fbde15ec079eb60762003.jpg,Green,Cube,2
282,GreenCubeLeft-16-_jpg.rf.f7b4eb998cbcabec609addebb5dbbcac.jpg,Green,Cube,2
283,GreenCubeLeft-17-_jpg.rf.5875a669bfc61f30bc2f4cbddee9a477.jpg,Green,Cube,2
284,GreenCubeLeft-17-_jpg.rf.61aa85ea249d09da0e86d4071c087908.jpg,Green,Cube,2
285,GreenCubeLeft-17-_jpg.rf.b61f961dca3f506e2f0f2dd48e48e5e4.jpg,Green,Cube,2
286,GreenCubeLeft-18-_jpg.rf.67d618c04b3f629b81eee779a6d96864.jpg,Green,Cube,2
287,GreenCubeLeft-18-_jpg.rf.d80699f9cf9202dbcf44039a94926a8f.jpg,Green,Cube,2
288,GreenCubeLeft-18-_jpg.rf.f80d20ad100b9384f3524e4cfa633912.jpg,Green,Cube,2
289,GreenCubeLeft-19-_jpg.rf.9b1be6fbb7d5999f814840606dd050a8.jpg,Green,Cube,2
290,GreenCubeLeft-19-_jpg.rf.a00395181b69c2280f2045452a7c1113.jpg,Green,Cube,2
291,GreenCubeLeft-19-_jpg.rf.c60b6ce102f5a96cfc2fae1f1715d080.jpg,Green,Cube,2
292,GreenCubeLeft-20-_jpg.rf.9bfa43e37b561660c6ff084cbc60ee0a.jpg,Green,Cube,2
293,GreenCubeLeft-20-_jpg.rf.a289207fe1c039aeaa9d3c984e0db2af.jpg,Green,Cube,2
294,GreenCubeLeft-20-_jpg.rf.c68f95eec478ee7a5f887943702e4630.jpg,Green,Cube,2
295,GreenCubeLeft-21-_jpg.rf.7993b379a90d61c67ce79365fef757a1.jpg,Green,Cube,2
296,GreenCubeLeft-21-_jpg.rf.a7ebd0eb2fdf427f3ee8fa6aee4728ed.jpg,Green,Cube,2
297,GreenCubeLeft-21-_jpg.rf.b6c3bf69551c2af31dfb26ba170f3efa.jpg,Green,Cube,2
298,GreenCubeLeft-22-_jpg.rf.bf0b3df10612bde0d91027730b17ccf8.jpg,Green,Cube,2
299,GreenCubeLeft-22-_jpg.rf.f3812a6c2f7e8f45ff09416017ea4a31.jpg,Green,Cube,2
300,GreenCubeLeft-22-_jpg.rf.f790b1ff10d38da0951d93e2951b0fb9.jpg,Green,Cube,2
301,GreenCubeLeft-23-_jpg.rf.c8703b84dd894e76e3d2cbbc172ddf9c.jpg,Green,Cube,2
302,GreenCubeLeft-23-_jpg.rf.d75483c46df227cc958f75e4ef4df94f.jpg,Green,Cube,2
303,GreenCubeLeft-23-_jpg.rf.eb4dc5a0bcb11aec3501bf6d3be4e692.jpg,Green,Cube,2
304,GreenCubeLeft-24-_jpg.rf.3a8073d1eec1a3089029c49d62994c39.jpg,Green,Cube,2
305,GreenCubeLeft-24-_jpg.rf.66b330f434e8474c5028d6dda3f85dd2.jpg,Green,Cube,2
306,GreenCubeLeft-24-_jpg.rf.78650119392e830083b4bfa164df103a.jpg,Green,Cube,2
307,GreenCubeLeft-25-_jpg.rf.24c734dddc98a25463111ccb5375014f.jpg,Green,Cube,2
308,GreenCubeLeft-25-_jpg.rf.8f869a4a419e9c4eb14811327856ba55.jpg,Green,Cube,2
309,GreenCubeLeft-25-_jpg.rf.f63944ec9a917708d1ad2bd2f8c68a53.jpg,Green,Cube,2
310,GreenCubeLeft-26-_jpg.rf.6adc2d25be0cffe771f327703a557bb7.jpg,Green,Cube,2
311,GreenCubeLeft-26-_jpg.rf.828ef478d10be25c0ccb632f07e7c98b.jpg,Green,Cube,2
312,GreenCubeLeft-26-_jpg.rf.d5731386e7a75fd58be57b23aee85ef4.jpg,Green,Cube,2
313,GreenCubeLeft-27-_jpg.rf.5ae470d414d1c230b49c3c4609c2790a.jpg,Green,Cube,2
314,GreenCubeLeft-27-_jpg.rf.8bd6a91eae32a3651fd39994ce55587f.jpg,Green,Cube,2
315,GreenCubeLeft-27-_jpg.rf.e70b58cad313b94e0dfadba0249651c5.jpg,Green,Cube,2
316,GreenCubeLeft-29-_jpg.rf.08c8c93a4f625ffba7d5b5828b2138cf.jpg,Green,Cube,2
317,GreenCubeLeft-29-_jpg.rf.26fd6a1261951e8ce404b52f1d05c4a5.jpg,Green,Cube,2
318,GreenCubeLeft-29-_jpg.rf.ace1acd87e0efb7bde06de83cb5ed266.jpg,Green,Cube,2
319,GreenCubeLeft-30-_jpg.rf.5e2c3e19ffdada706ea9c1dd04183be1.jpg,Green,Cube,2
320,GreenCubeLeft-30-_jpg.rf.65b8a3cda20482e31f29f46e24ae9b04.jpg,Green,Cube,2
321,GreenCubeLeft-30-_jpg.rf.d369a70d2907046be444dd291e2bd29f.jpg,Green,Cube,2
322,GreenCubeLeft-31-_jpg.rf.0532336b07ae6021609419a7252b9434.jpg,Green,Cube,2
323,GreenCubeLeft-31-_jpg.rf.44717324bc71fd6dfc6d13d66df17ef3.jpg,Green,Cube,2
324,GreenCubeLeft-31-_jpg.rf.80b2465c190b79d4bfa99025166574e5.jpg,Green,Cube,2
325,GreenCubeLeft-32-_jpg.rf.08c3937585fc0e387fe708f3193c2deb.jpg,Green,Cube,2
326,GreenCubeLeft-32-_jpg.rf.36cc9efc03aff73ceb43009e9ebd7318.jpg,Green,Cube,2
327,GreenCubeLeft-32-_jpg.rf.91e2a43fcfab17e4906758bb71d44fe3.jpg,Green,Cube,2
328,GreenCubeLeft-33-_jpg.rf.375f82c21508c6c0efcb67da270f2644.jpg,Green,Cube,2
329,GreenCubeLeft-33-_jpg.rf.49d77e4fccdc134f8874ef1753c28e61.jpg,Green,Cube,2
330,GreenCubeLeft-33-_jpg.rf.e9122374f732ea4c3e89c366324cb717.jpg,Green,Cube,2
331,GreenCubeLeft-34-_jpg.rf.009e9c5f6c165a4d4f5ac07a686cf9ab.jpg,Green,Cube,2
332,GreenCubeLeft-34-_jpg.rf.068fc9a3fe4ffa8b8ff7d7946ba49d61.jpg,Green,Cube,2
333,GreenCubeLeft-34-_jpg.rf.2eea85c1c439b61663f7dfc7edc7d61f.jpg,Green,Cube,2
334,GreenCubeLeft-35-_jpg.rf.6ec705ed76a54a27d555270e86f998e0.jpg,Green,Cube,2
335,GreenCubeLeft-35-_jpg.rf.fbe1ad2bd3e2fa2d59d3609b7e32fa71.jpg,Green,Cube,2
336,GreenCubeLeft-35-_jpg.rf.fde34d055464d50d8e30b247f438ec31.jpg,Green,Cube,2
337,GreenCubeLeft-36-_jpg.rf.405e5d52c33524e134bbd0a28b5d5cde.jpg,Green,Cube,2
338,GreenCubeLeft-36-_jpg.rf.4cb5aa8dbfd25e576f8d487750839438.jpg,Green,Cube,2
339,GreenCubeLeft-36-_jpg.rf.6a361a8de5b89e88c0ad9cb05b97dfa3.jpg,Green,Cube,2
340,GreenCubeLeft-37-_jpg.rf.6e4350e8427d59dad09a492a01848a72.jpg,Green,Cube,2
341,GreenCubeLeft-37-_jpg.rf.a0dd730ca9af0e6239091c7fd8d28f36.jpg,Green,Cube,2
342,GreenCubeLeft-37-_jpg.rf.b052a136c9a151c2e3d6997e092fd6fc.jpg,Green,Cube,2
343,GreenCubeLeft-38-_jpg.rf.4827faadfd16035cef3855f18eb244a3.jpg,Green,Cube,2
344,GreenCubeLeft-38-_jpg.rf.97c07303efbfaecb5b967f2e7af16877.jpg,Green,Cube,2
345,GreenCubeLeft-38-_jpg.rf.e4d4d0bc42f9cd739a782626a6859f2c.jpg,Green,Cube,2
346,GreenCubeLeft-39-_jpg.rf.731a31e301b6a3c5c8c0c931d9989e63.jpg,Green,Cube,2
347,GreenCubeLeft-39-_jpg.rf.775e8c35d4798c94b85a70e006c8934c.jpg,Green,Cube,2
348,GreenCubeLeft-39-_jpg.rf.c20558b55b91b825f8fd7c0b2079067b.jpg,Green,Cube,2
349,GreenCubeLeft-40-_jpg.rf.0460e7d70490c21be5ca9a1866ffec29.jpg,Green,Cube,2
350,GreenCubeLeft-40-_jpg.rf.0e544dc57b03de7b177837bc9047c3a6.jpg,Green,Cube,2
351,GreenCubeLeft-40-_jpg.rf.a4f26d9286519c4f3f7ab5a259fd777e.jpg,Green,Cube,2
352,GreenCubeLeft-8-_jpg.rf.3b0b167cbe53d23302caedd71fb63a88.jpg,Green,Cube,2
353,GreenCubeLeft-8-_jpg.rf.da7549b8b38f0081accc90251d1e706e.jpg,Green,Cube,2
354,GreenCubeLeft-8-_jpg.rf.ebd4e535a62d71698fc5061f00bdc132.jpg,Green,Cube,2
355,GreenCubeLeft-9-_jpg.rf.16e71507d85ad65e3800eb3b02442ebe.jpg,Green,Cube,2
356,GreenCubeLeft-9-_jpg.rf.93656b0527dd29d19a04077c46a2a6b2.jpg,Green,Cube,2
357,GreenCubeLeft-9-_jpg.rf.e3899da96b56dc3c3a3c5c0c561454ac.jpg,Green,Cube,2
358,GreenCubeMiddle-10-_jpg.rf.31817dcbfaf199666216fd1be06c45fc.jpg,Green,Cube,2
359,GreenCubeMiddle-10-_jpg.rf.5bd69e44044ac05c03bdf5a1bb3a08a3.jpg,Green,Cube,2
360,GreenCubeMiddle-10-_jpg.rf.7673f9cb59cfec7e662b8f5f9d917074.jpg,Green,Cube,2
361,GreenCubeMiddle-11-_jpg.rf.6d77ada8a76e7efc9718dce402b74f41.jpg,Green,Cube,2
362,GreenCubeMiddle-11-_jpg.rf.af313a01d60f695854c4168dc566e93e.jpg,Green,Cube,2
363,GreenCubeMiddle-11-_jpg.rf.ecc978935bc205fb97dcb4948ad2adf4.jpg,Green,Cube,2
364,GreenCubeMiddle-12-_jpg.rf.b3c3aae91f2d188134862dab1d82e044.jpg,Green,Cube,2
365,GreenCubeMiddle-12-_jpg.rf.ba13f83e0bc3d6e4cc51f4075eca8576.jpg,Green,Cube,2
366,GreenCubeMiddle-12-_jpg.rf.e3b68d2a99cc399a3122068bf1942c3c.jpg,Green,Cube,2
367,GreenCubeMiddle-13-_jpg.rf.a22d2b18400128c7b27dafb453c30773.jpg,Green,Cube,2
368,GreenCubeMiddle-13-_jpg.rf.d1fbd7f0cebe590f48db24c4ce648e9e.jpg,Green,Cube,2
369,GreenCubeMiddle-13-_jpg.rf.e7d63e3987e29a623b20c8a2b9225bd1.jpg,Green,Cube,2
370,GreenCubeMiddle-14-_jpg.rf.8bc8dfc23e3d2f37af2d4263ecc79d13.jpg,Green,Cube,2
371,GreenCubeMiddle-14-_jpg.rf.c989c15c6f376764c91a40de269df112.jpg,Green,Cube,2
372,GreenCubeMiddle-14-_jpg.rf.eeb221ec30e27f3e285d26c3e2810661.jpg,Green,Cube,2
373,GreenCubeMiddle-15-_jpg.rf.164997e925edd15ebe5afb5108ed2873.jpg,Green,Cube,2
374,GreenCubeMiddle-15-_jpg.rf.49b64a10bae3cc751b8246719ac955ec.jpg,Green,Cube,2
375,GreenCubeMiddle-16-_jpg.rf.9484b7e9165bbef94031bef7c2e786b7.jpg,Green,Cube,2
376,GreenCubeMiddle-16-_jpg.rf.a060fc9d1cbf2a81e0b9bdce56784390.jpg,Green,Cube,2
377,GreenCubeMiddle-16-_jpg.rf.d8abbde1577ce003136e5f54f5299881.jpg,Green,Cube,2
378,GreenCubeMiddle-17-_jpg.rf.523a8f090082db1a9d86a30d4e27662f.jpg,Green,Cube,2
379,GreenCubeMiddle-17-_jpg.rf.82a031ca683dd964606728b7a0539646.jpg,Green,Cube,2
380,GreenCubeMiddle-17-_jpg.rf.dec30ee9df40286e81a1be2ab64f3961.jpg,Green,Cube,2
381,GreenCubeMiddle-18-_jpg.rf.0b88e64ac31e4e2e35b38539743f35b6.jpg,Green,Cube,2
382,GreenCubeMiddle-18-_jpg.rf.c4402d2f2ae424c7905bb5c8afdceec1.jpg,Green,Cube,2
383,GreenCubeMiddle-18-_jpg.rf.e2f2c89f813014c8ee64d99ae5d78e9c.jpg,Green,Cube,2
384,GreenCubeMiddle-19-_jpg.rf.52a62b0df917e15e77c6dc39ad7a9cf8.jpg,Green,Cube,2
385,GreenCubeMiddle-19-_jpg.rf.e4be713d4a0d1b4bad6a821f86730dd1.jpg,Green,Cube,2
386,GreenCubeMiddle-19-_jpg.rf.f4ea9ab5c571bfb40b63876e11935c13.jpg,Green,Cube,2
387,GreenCubeMiddle-20-_jpg.rf.13cd72ec7eeca66b6f7e1d31edda62df.jpg,Green,Cube,2
388,GreenCubeMiddle-20-_jpg.rf.b3c9d98477f747690d470b8dc0140bab.jpg,Green,Cube,2
389,GreenCubeMiddle-20-_jpg.rf.f88623c4baec858574ac171b7549f6b5.jpg,Green,Cube,2
390,GreenCubeMiddle-21-_jpg.rf.94e048290393e7f8693759a9d50d5681.jpg,Green,Cube,2
391,GreenCubeMiddle-21-_jpg.rf.cb95c7ea5c5fa7b793839a004cdd8870.jpg,Green,Cube,2
392,GreenCubeMiddle-21-_jpg.rf.db1d50b851a13686e1fa010e54229cf3.jpg,Green,Cube,2
393,GreenCubeMiddle-22-_jpg.rf.34f81076e9b0691db008feb2593904d1.jpg,Green,Cube,2
394,GreenCubeMiddle-22-_jpg.rf.78de5acf87e5caf06f5c2cdc093eb052.jpg,Green,Cube,2
395,GreenCubeMiddle-22-_jpg.rf.b016a62c4d44fce8a076207d7cfb4120.jpg,Green,Cube,2
396,GreenCubeMiddle-23-_jpg.rf.63ddb1a0c65768fdaf33797258ad186b.jpg,Green,Cube,2
397,GreenCubeMiddle-23-_jpg.rf.9ca535e26cf3ba305c6a7ba639ef42aa.jpg,Green,Cube,2
398,GreenCubeMiddle-23-_jpg.rf.f5d86bbc4b7926ce8f1b7f3b6b2949eb.jpg,Green,Cube,2
399,GreenCubeMiddle-24-_jpg.rf.142d349a3a4f48485052aefaed199297.jpg,Green,Cube,2
400,GreenCubeMiddle-24-_jpg.rf.4e6b1040b7660d2f13d40ea93379a237.jpg,Green,Cube,2
401,GreenCubeMiddle-24-_jpg.rf.c860034f58cb89a66fefdf8253ec5795.jpg,Green,Cube,2
402,GreenCubeMiddle-25-_jpg.rf.5eaeff69d6f2d6446160ff8283a6f3db.jpg,Green,Cube,2
403,GreenCubeMiddle-25-_jpg.rf.958ff98fe6d21260a03aea618bcd91f8.jpg,Green,Cube,2
404,GreenCubeMiddle-26-_jpg.rf.6ea19d62a4cc98b43426e8af66a2dde2.jpg,Green,Cube,2
405,GreenCubeMiddle-26-_jpg.rf.c5134a532f5caab3ffb935459d1f9a06.jpg,Green,Cube,2
406,GreenCubeMiddle-26-_jpg.rf.c7c24349314f16dd8835c71aca7eb75b.jpg,Green,Cube,2
407,GreenCubeMiddle-27-_jpg.rf.81c1e4a18e2cfcd9bd740adaefa83367.jpg,Green,Cube,2
408,GreenCubeMiddle-27-_jpg.rf.c2dace60ee509cd38d8985eb63ff1bb9.jpg,Green,Cube,2
409,GreenCubeMiddle-27-_jpg.rf.ce633347adc84a31408aea4a5a0e6467.jpg,Green,Cube,2
410,GreenCubeMiddle-28-_jpg.rf.17f5c80bb0540ed2342d6ae445ebc5b7.jpg,Green,Cube,2
411,GreenCubeMiddle-28-_jpg.rf.854d90f475ad31da5084a7132b2da88e.jpg,Green,Cube,2
412,GreenCubeMiddle-28-_jpg.rf.9a7e4d1c1be35a2fb04e616dbb51eae5.jpg,Green,Cube,2
413,GreenCubeMiddle-29-_jpg.rf.29d0d33be5effdac4100d3047f7a74eb.jpg,Green,Cube,2
414,GreenCubeMiddle-29-_jpg.rf.478e1b001e7128afdbbf703033b1ec77.jpg,Green,Cube,2
415,GreenCubeMiddle-29-_jpg.rf.57d7f3eb65efce1ec802fe80b687854d.jpg,Green,Cube,2
416,GreenCubeMiddle-3-_jpg.rf.377119fa230ba32625f53b8d3a272385.jpg,Green,Cube,2
417,GreenCubeMiddle-3-_jpg.rf.65debf869401f5f8fb5dbd2fc82c34c2.jpg,Green,Cube,2
418,GreenCubeMiddle-3-_jpg.rf.ff9706dd28e5e9b14f42f5a7b3a76833.jpg,Green,Cube,2
419,GreenCubeMiddle-30-_jpg.rf.2617c11e0b2544c564c6ab7d0aa2b5ac.jpg,Green,Cube,2
420,GreenCubeMiddle-30-_jpg.rf.622cbcb7994ec0a1e2aff06facfacf50.jpg,Green,Cube,2
421,GreenCubeMiddle-30-_jpg.rf.c50e3da68a8a1e9a17932d25a9027543.jpg,Green,Cube,2
422,GreenCubeMiddle-31-_jpg.rf.04186f3ca4975bfd69452bd5b892b0e6.jpg,Green,Cube,2
423,GreenCubeMiddle-31-_jpg.rf.45aa6521b85dd92c4784587297f6c3a5.jpg,Green,Cube,2
424,GreenCubeMiddle-31-_jpg.rf.68aa3ef7ecd8a4e5a5a595ef81522250.jpg,Green,Cube,2
425,GreenCubeMiddle-32-_jpg.rf.0bbf92df4597faaa324ba7dcd7200d35.jpg,Green,Cube,2
426,GreenCubeMiddle-32-_jpg.rf.b725ae5d355b189236cfc33217890e1d.jpg,Green,Cube,2
427,GreenCubeMiddle-32-_jpg.rf.c694b18ae388cdfbc4dbf8e7dca5d3df.jpg,Green,Cube,2
428,GreenCubeMiddle-33-_jpg.rf.359575a18a0d889f15ea905e7c7a705d.jpg,Green,Cube,2
429,GreenCubeMiddle-33-_jpg.rf.af0cf733abd46180fc339319adece5b7.jpg,Green,Cube,2
430,GreenCubeMiddle-33-_jpg.rf.ecb0af82c8a791f62431a8b54e268ae6.jpg,Green,Cube,2
431,GreenCubeMiddle-34-_jpg.rf.626e2c8d2ba7b358a5f04cf88eaf47da.jpg,Green,Cube,2
432,GreenCubeMiddle-34-_jpg.rf.a5c5f2056d11768602badbc518e3b679.jpg,Green,Cube,2
433,GreenCubeMiddle-34-_jpg.rf.d2d9de915a3dfd0691142990304e7d04.jpg,Green,Cube,2
434,GreenCubeMiddle-4-_jpg.rf.8b957cca5718b3fd2e56f09b5fbf3f42.jpg,Green,Cube,2
435,GreenCubeMiddle-4-_jpg.rf.d6a77dffe92d52ba2a511bcdb856d9dc.jpg,Green,Cube,2
436,GreenCubeMiddle-4-_jpg.rf.eb1c90245f98e57667fd6bae5591d27a.jpg,Green,Cube,2
437,GreenCubeMiddle-5-_jpg.rf.592387c94cc1c6ecd600d07d1f6270b5.jpg,Green,Cube,2
438,GreenCubeMiddle-5-_jpg.rf.b4b856fd812515406c30dd3e4d26c489.jpg,Green,Cube,2
439,GreenCubeMiddle-5-_jpg.rf.f931ee6f52cb0400fb53ddfb8fda3c9b.jpg,Green,Cube,2
440,GreenCubeMiddle-6-_jpg.rf.433d3f1859219fef4938bc25110ff659.jpg,Green,Cube,2
441,GreenCubeMiddle-6-_jpg.rf.849cc3ad0976c30568eb6f064a297662.jpg,Green,Cube,2
442,GreenCubeMiddle-6-_jpg.rf.ec25a09680264856047b2b8db6f4db26.jpg,Green,Cube,2
443,GreenCubeMiddle-7-_jpg.rf.2be5115e7e2375144a8bd9f3aac170ef.jpg,Green,Cube,2
444,GreenCubeMiddle-7-_jpg.rf.d399c6f0330b6bf1627c87de69270345.jpg,Green,Cube,2
445,GreenCubeMiddle-7-_jpg.rf.f382e2e64b1766f68840b2e2a0a2923b.jpg,Green,Cube,2
446,GreenCubeMiddle-8-_jpg.rf.60efa012b1177d2063d86a671263a448.jpg,Green,Cube,2
447,GreenCubeMiddle-8-_jpg.rf.6749b3afc0e8499d4d0a8258775b862b.jpg,Green,Cube,2
448,GreenCubeMiddle-8-_jpg.rf.ca94f47bc97211f47bf73b868a8bea0b.jpg,Green,Cube,2
449,GreenCubeMiddle-9-_jpg.rf.adf079b6af2ee8adc52f31b6cbd38f16.jpg,Green,Cube,2
450,GreenCubeMiddle-9-_jpg.rf.b629f91738545016653bb5c2ac8ad43b.jpg,Green,Cube,2
451,GreenCubeMiddle-9-_jpg.rf.c15f36ca12e4fef9a135a29bcfd52a4d.jpg,Green,Cube,2
452,GreenCubeRight-11-_jpg.rf.bff6ca800fb0da4766366758a3a1b3da.jpg,Green,Cube,2
453,GreenCubeRight-12-_jpg.rf.196e1bf5b3d89ed7020ab7491f653121.jpg,Green,Cube,2
454,GreenCubeRight-12-_jpg.rf.579b56a1f8b8cfc897fd361685586c78.jpg,Green,Cube,2
455,GreenCubeRight-12-_jpg.rf.64ee0e8750ce139e26f6a103bd4c1df2.jpg,Green,Cube,2
456,GreenCubeRight-13-_jpg.rf.8ea4476894a7791418f01431ab67633e.jpg,Green,Cube,2
457,GreenCubeRight-13-_jpg.rf.c7604f47cfc282cc6889df581489acd0.jpg,Green,Cube,2
458,GreenCubeRight-13-_jpg.rf.e787c67c3f98251b317f11fd4cffb28a.jpg,Green,Cube,2
459,GreenCubeRight-14-_jpg.rf.71720e916a9768168bdfae5d41cbe39a.jpg,Green,Cube,2
460,GreenCubeRight-14-_jpg.rf.74f01790a934213d727ad76433cd3afe.jpg,Green,Cube,2
461,GreenCubeRight-14-_jpg.rf.ce96693496b4fa62c91e32bcd6d41f9b.jpg,Green,Cube,2
462,GreenCubeRight-15-_jpg.rf.76aa2c419ae1273adf4f316f82f41942.jpg,Green,Cube,2
463,GreenCubeRight-15-_jpg.rf.87c2052cc14ef46a47b9ebe8eae58f07.jpg,Green,Cube,2
464,GreenCubeRight-15-_jpg.rf.9983a7e6d388faacac07489baf514074.jpg,Green,Cube,2
465,GreenCubeRight-16-_jpg.rf.5037ebf5a004c3b8f68ef5f814e7f33e.jpg,Green,Cube,2
466,GreenCubeRight-16-_jpg.rf.7cb3e5c9353fbf18a76820d4aa8e02e9.jpg,Green,Cube,2
467,GreenCubeRight-16-_jpg.rf.bb1265d6bc8d99a119c988428c082549.jpg,Green,Cube,2
468,GreenCubeRight-17-_jpg.rf.6689079955a9805acfffe9e391df64c3.jpg,Green,Cube,2
469,GreenCubeRight-17-_jpg.rf.b91b950aae600c0e772bb250812259b6.jpg,Green,Cube,2
470,GreenCubeRight-17-_jpg.rf.fe95d1bbd5310abf982b0e337ac6e1f4.jpg,Green,Cube,2
471,GreenCubeRight-18-_jpg.rf.47cb6ff7a06c143601d2c1d7d45458d4.jpg,Green,Cube,2
472,GreenCubeRight-18-_jpg.rf.931050ce3ab352894ba59243bcf841a3.jpg,Green,Cube,2
473,GreenCubeRight-18-_jpg.rf.b8e14af68ba76abcdf7cca07467a7527.jpg,Green,Cube,2
474,GreenCubeRight-19-_jpg.rf.6185205a6823d49a5c507e016769e806.jpg,Green,Cube,2
475,GreenCubeRight-19-_jpg.rf.c3b583960426ba890edf47a98a2625b4.jpg,Green,Cube,2
476,GreenCubeRight-19-_jpg.rf.d9145bba60483a8ce8366e6a850aaa10.jpg,Green,Cube,2
477,GreenCubeRight-20-_jpg.rf.0523189b2fc4579d9ee1a84bfef17e2b.jpg,Green,Cube,2
478,GreenCubeRight-20-_jpg.rf.3a6d7b08d50e8b530b29f049257dc106.jpg,Green,Cube,2
479,GreenCubeRight-20-_jpg.rf.6ff218b600cc1a73cf3e7bd194529fa9.jpg,Green,Cube,2
480,GreenCubeRight-21-_jpg.rf.0c57119fde507ebd7656489691ed2775.jpg,Green,Cube,2
481,GreenCubeRight-21-_jpg.rf.5bf061d8a1b42078131c32ec41f9957e.jpg,Green,Cube,2
482,GreenCubeRight-21-_jpg.rf.65adb7c76ad03fc4f9f5857efdd601b0.jpg,Green,Cube,2
483,GreenCubeRight-22-_jpg.rf.557ca008d7ead65bccfab7127e59abea.jpg,Green,Cube,2
484,GreenCubeRight-22-_jpg.rf.63113779a0290d0886e255976bb69861.jpg,Green,Cube,2
485,GreenCubeRight-22-_jpg.rf.8d22d82037408d64a910db8cfb6c01da.jpg,Green,Cube,2
486,GreenCubeRight-23-_jpg.rf.1c5864bed12c6e0eac9f894541a8f1af.jpg,Green,Cube,2
487,GreenCubeRight-23-_jpg.rf.20b0a6a593c6094a1412bc59812e25c2.jpg,Green,Cube,2
488,GreenCubeRight-23-_jpg.rf.7f28e922fe7888832029541042ba5e79.jpg,Green,Cube,2
489,GreenCubeRight-24-_jpg.rf.98cb09467eff6bd6ba96487ba0e15e4f.jpg,Green,Cube,2
490,GreenCubeRight-24-_jpg.rf.f91faf4b4bc3c1312dfb90b5a13964e6.jpg,Green,Cube,2
491,GreenCubeRight-24-_jpg.rf.ff8af1f63bbbab74863caaa6cc9f524d.jpg,Green,Cube,2
492,GreenCubeRight-25-_jpg.rf.118af72c85eda3ba9ad3629178807458.jpg,Green,Cube,2
493,GreenCubeRight-25-_jpg.rf.75d67869349933838ff5cc4bd3cfa198.jpg,Green,Cube,2
494,GreenCubeRight-25-_jpg.rf.a41eaa8d525357365882d53ce9559308.jpg,Green,Cube,2
495,GreenCubeRight-26-_jpg.rf.3dc9007fbe4132e163743f4be1706d5d.jpg,Green,Cube,2
496,GreenCubeRight-26-_jpg.rf.a6880620fc1b35cf1888f2387fff2ffc.jpg,Green,Cube,2
497,GreenCubeRight-26-_jpg.rf.a7b3048890cdab54b5667c18c1347f6c.jpg,Green,Cube,2
498,GreenCubeRight-27-_jpg.rf.34040aa9198e00a5eadb591b3ad94bfd.jpg,Green,Cube,2
499,GreenCubeRight-27-_jpg.rf.77dd71245f54867890c449d26b103705.jpg,Green,Cube,2
500,GreenCubeRight-27-_jpg.rf.ea90e1ddfd4266bbd57cdcaa46583e80.jpg,Green,Cube,2
501,GreenCubeRight-28-_jpg.rf.516ff8ddd4761b43071d3f868c42d587.jpg,Green,Cube,2
502,GreenCubeRight-28-_jpg.rf.b512a363b89bed83c45bdf01cf024bb1.jpg,Green,Cube,2
503,GreenCubeRight-28-_jpg.rf.baa8b223bfb3d6f9f7dec9aed961cbf0.jpg,Green,Cube,2
504,GreenCubeRight-29-_jpg.rf.9585c4a8a685322b7002bb7c991a6b94.jpg,Green,Cube,2
505,GreenCubeRight-29-_jpg.rf.b2f03809d529b7ce653866b0519160e2.jpg,Green,Cube,2
506,GreenCubeRight-29-_jpg.rf.d0113f4586349beb003323be0ee784f5.jpg,Green,Cube,2
507,GreenCubeRight-30-_jpg.rf.50fbed3b64a0411e93f591be8958e87d.jpg,Green,Cube,2
508,GreenCubeRight-30-_jpg.rf.8f64a32d7daa685f8e91af77c21832c7.jpg,Green,Cube,2
509,GreenCubeRight-30-_jpg.rf.b867f23fc71a1415353c343ffc3b548c.jpg,Green,Cube,2
510,GreenCubeRight-31-_jpg.rf.83c3a9929fe5a33d70de6005fef208b3.jpg,Green,Cube,2
511,GreenCubeRight-31-_jpg.rf.909deae2d6c4008c8c02b09528e9013a.jpg,Green,Cube,2
512,GreenCubeRight-31-_jpg.rf.be5d899b8d54af5b582b922e906c11c4.jpg,Green,Cube,2
513,GreenCubeRight-32-_jpg.rf.4d06e63dff8bab4b3af42e0ba4e6c95a.jpg,Green,Cube,2
514,GreenCubeRight-32-_jpg.rf.94bf986812003057936fdefe99480062.jpg,Green,Cube,2
515,GreenCubeRight-32-_jpg.rf.ecf8080c9c1913b79f85fd46b38cd07f.jpg,Green,Cube,2
516,GreenCubeRight-33-_jpg.rf.a5fb22651a27c6ff463f7284aacc1304.jpg,Green,Cube,2
517,GreenCubeRight-33-_jpg.rf.b0ea8646abb2a19021fff48d254cbedb.jpg,Green,Cube,2
518,GreenCubeRight-33-_jpg.rf.ef48b7162b7db452b3983b99cd5042d7.jpg,Green,Cube,2
519,GreenCubeRight-34-_jpg.rf.1fb4e1d717e4e84921a3ad159363931f.jpg,Green,Cube,2
520,GreenCubeRight-34-_jpg.rf.4a8f6ff8a9bca1d7c3b020f49e55c605.jpg,Green,Cube,2
521,GreenCubeRight-34-_jpg.rf.accd00930e40c587cf21b4ed01d3b647.jpg,Green,Cube,2
522,GreenCubeRight-35-_jpg.rf.172a2954c965565c4068ff4e73af5880.jpg,Green,Cube,2
523,GreenCubeRight-35-_jpg.rf.41ac599b05ec08be52a394c51f9b5412.jpg,Green,Cube,2
524,GreenCubeRight-35-_jpg.rf.ffa7ded2f7136ae711c37631fc15714b.jpg,Green,Cube,2
525,GreenCubeRight-36-_jpg.rf.8ae609c22b35d38be3635671ff63469e.jpg,Green,Cube,2
526,GreenCubeRight-36-_jpg.rf.8ff79d91a99a27afdf0009e108a97ef8.jpg,Green,Cube,2
527,GreenCubeRight-36-_jpg.rf.fa3dd7a3fe9c964dfdab1ff473368558.jpg,Green,Cube,2
528,GreenCubeRight-37-_jpg.rf.469fca3155b495ab9a833c530af99cce.jpg,Green,Cube,2
529,GreenCubeRight-37-_jpg.rf.5e650cc1df3b3f012547be43c4b9f2a1.jpg,Green,Cube,2
530,GreenCubeRight-37-_jpg.rf.99425ec611a625764253755bad8dc207.jpg,Green,Cube,2
531,GreenCubeRight-38-_jpg.rf.12e28c99d078ff3e098a47dd0c9c02bd.jpg,Green,Cube,2
532,GreenCubeRight-38-_jpg.rf.35d8e06d2dbed1774c1a17444d3d42b2.jpg,Green,Cube,2
533,GreenCubeRight-38-_jpg.rf.815b605913d6e7ea5cfe8011b105f4ee.jpg,Green,Cube,2
534,GreenCubeRight-39-_jpg.rf.0002e1551428e6266df46c651cb5a9ad.jpg,Green,Cube,2
535,GreenCubeRight-39-_jpg.rf.8e79d22ea2a2de06b0a8e54f6760fe21.jpg,Green,Cube,2
536,GreenCubeRight-39-_jpg.rf.a7b63df3e982f50b44008df624d8734c.jpg,Green,Cube,2
537,GreenCubeRight-40-_jpg.rf.6fcfab2b09bd7456608279109098e128.jpg,Green,Cube,2
538,GreenCubeRight-40-_jpg.rf.d3447abf88abc8bcbed658b1b4dc0aab.jpg,Green,Cube,2
539,GreenCubeRight-40-_jpg.rf.e4fe7a072381381ca3b695346374b5dc.jpg,Green,Cube,2
540,GreenCubeRight-41-_jpg.rf.49f30c89ff3b7d75b7000870f7c2e4ec.jpg,Green,Cube,2
541,GreenCubeRight-41-_jpg.rf.4a2c6b02dad321e1d18d08839868dd3c.jpg,Green,Cube,2
542,GreenCubeRight-41-_jpg.rf.537e4d1e58ab9709cc84122ec77edd4d.jpg,Green,Cube,2
543,RedCubeLeft-16-_jpg.rf.a2c955da8f0fb1e60051d362e8902aad.jpg,Red,Cube,1
544,RedCubeLeft-16-_jpg.rf.dfce677f066dfd866ec575c2ca47ee5e.jpg,Red,Cube,1
545,RedCubeLeft-16-_jpg.rf.eba37f9da7d209bf96b50c94ac0ea8ad.jpg,Red,Cube,1
546,RedCubeLeft-17-_jpg.rf.15061d2d918105b91d684378891664fe.jpg,Red,Cube,1
547,RedCubeLeft-17-_jpg.rf.51ff2e0d3917c34d531258b3632f03c0.jpg,Red,Cube,1
548,RedCubeLeft-18-_jpg.rf.1203336ba3327060b3c51ab4eedf82b0.jpg,Red,Cube,1
549,RedCubeLeft-18-_jpg.rf.6f17563c233c6071394d0e515d6daee9.jpg,Red,Cube,1
550,RedCubeLeft-18-_jpg.rf.a711c56f4947332e79a051343032aa3c.jpg,Red,Cube,1
551,RedCubeLeft-19-_jpg.rf.093db714edc943619111409c03eed666.jpg,Red,Cube,1
552,RedCubeLeft-19-_jpg.rf.15a43012b8f0f1b93d295665d294e723.jpg,Red,Cube,1
553,RedCubeLeft-19-_jpg.rf.984bc80debb8909a13d9b6496284a68a.jpg,Red,Cube,1
554,RedCubeLeft-20-_jpg.rf.15be7ba42252fa0403fe94a8835896c6.jpg,Red,Cube,1
555,RedCubeLeft-20-_jpg.rf.635d85098675d5df89d1eba20e8b96dd.jpg,Red,Cube,1
556,RedCubeLeft-21-_jpg.rf.26738ca372f3eb17644dad0b8728d3c8.jpg,Red,Cube,1
557,RedCubeLeft-21-_jpg.rf.41a1be1bb312a8e42d2dcbfa945194e2.jpg,Red,Cube,1
558,RedCubeLeft-21-_jpg.rf.65aae3d622ad16fea0331d7657731ec8.jpg,Red,Cube,1
559,RedCubeLeft-22-_jpg.rf.0c6b08b521a5d6315a114074bac8b539.jpg,Red,Cube,1
560,RedCubeLeft-22-_jpg.rf.184e5aa42d04b862672339fd6a98affc.jpg,Red,Cube,1
561,RedCubeLeft-22-_jpg.rf.52ff5a96e3af1cacd39fbd24ce5b625d.jpg,Red,Cube,1
562,RedCubeLeft-23-_jpg.rf.38d9d2ea16474c0105e7190a8471b632.jpg,Red,Cube,1
563,RedCubeLeft-23-_jpg.rf.60c438368495956a543e8ac56f6bc19a.jpg,Red,Cube,1
564,RedCubeLeft-23-_jpg.rf.974e443f42ce609b2994a71a5b74c4ea.jpg,Red,Cube,1
565,RedCubeLeft-24-_jpg.rf.19a25652fcfe26b30260e2056337a2b8.jpg,Red,Cube,1
566,RedCubeLeft-24-_jpg.rf.90bfcfbdb1aa289a3221b1cd5cf67919.jpg,Red,Cube,1
567,RedCubeLeft-24-_jpg.rf.d4275478602743e9788b85f6ae51fd93.jpg,Red,Cube,1
568,RedCubeLeft-25-_jpg.rf.0261f2ee70ab84dec7301ba23a6d3bbf.jpg,Red,Cube,1
569,RedCubeLeft-25-_jpg.rf.06da504dab174ff2ab414188e0562054.jpg,Red,Cube,1
570,RedCubeLeft-25-_jpg.rf.66dde66c04e149c00c3f6a0b6e9380d0.jpg,Red,Cube,1
571,RedCubeLeft-26-_jpg.rf.1c1d56245787e0b092ae9209b7d42d1a.jpg,Red,Cube,1
572,RedCubeLeft-26-_jpg.rf.a12b7edfb148dabea6db1386c652d126.jpg,Red,Cube,1
573,RedCubeLeft-26-_jpg.rf.a738ce9153d00eb961ff981a3afaa77c.jpg,Red,Cube,1
574,RedCubeLeft-27-_jpg.rf.86253480792e02480b1c7b69c33716b2.jpg,Red,Cube,1
575,RedCubeLeft-27-_jpg.rf.e037a382f9b2a27497100327e91c577d.jpg,Red,Cube,1
576,RedCubeLeft-27-_jpg.rf.f9e409392d94ba77e9526f34fad48aef.jpg,Red,Cube,1
577,RedCubeLeft-28-_jpg.rf.788c9d267f0a038d1ed55ba96aec2f04.jpg,Red,Cube,1
578,RedCubeLeft-28-_jpg.rf.7ed06f2c3413d197b8d7975acef9bf4b.jpg,Red,Cube,1
579,RedCubeLeft-28-_jpg.rf.91d685935fa8445031c74bf37e8e4425.jpg,Red,Cube,1
580,RedCubeLeft-29-_jpg.rf.58f59259de84201c4f8fc333105a78e9.jpg,Red,Cube,1
581,RedCubeLeft-29-_jpg.rf.f0ba2f02898adc6a66cf9cc355af5cc4.jpg,Red,Cube,1
582,RedCubeLeft-29-_jpg.rf.fa7881ca0431d5fcbf62a30f938120a1.jpg,Red,Cube,1
583,RedCubeLeft-30-_jpg.rf.4cd7b6089aacef3f3d65ffc416bce517.jpg,Red,Cube,1
584,RedCubeLeft-30-_jpg.rf.5847b52814b4bf73b4336fbb7a467685.jpg,Red,Cube,1
585,RedCubeLeft-30-_jpg.rf.592d380d14f73c241fe15949887c9ce1.jpg,Red,Cube,1
586,RedCubeLeft-31-_jpg.rf.40514bd10cd08af5ca25cef75ba08328.jpg,Red,Cube,1
587,RedCubeLeft-31-_jpg.rf.ca1ff9cd0a1d33eb4478c8b3a71bc24c.jpg,Red,Cube,1
588,RedCubeLeft-31-_jpg.rf.eae4fddce6389fd1c09f429dea791fc9.jpg,Red,Cube,1
589,RedCubeLeft-32-_jpg.rf.77393e8e2fd2503959217dba3539aaa2.jpg,Red,Cube,1
590,RedCubeLeft-32-_jpg.rf.a66a377e3f94b7029dd8b88587507e71.jpg,Red,Cube,1
591,RedCubeLeft-32-_jpg.rf.cef1e65b43def7d7f8db684d88adf2c9.jpg,Red,Cube,1
592,RedCubeLeft-33-_jpg.rf.4e6988f475303c356b73477813d8982a.jpg,Red,Cube,1
593,RedCubeLeft-33-_jpg.rf.593fef066e85b825badbf3fd509447c4.jpg,Red,Cube,1
594,RedCubeLeft-33-_jpg.rf.fee7dd49d1da33c0c2579d41766a90c3.jpg,Red,Cube,1
595,RedCubeLeft-34-_jpg.rf.bacffdde954a1d253891d88f863e1b59.jpg,Red,Cube,1
596,RedCubeLeft-34-_jpg.rf.da65bdcfab69f5b2523ad3bc08002d1a.jpg,Red,Cube,1
597,RedCubeLeft-34-_jpg.rf.e9644478dbdf21652c74aa4399b23f6d.jpg,Red,Cube,1
598,RedCubeLeft-35-_jpg.rf.325d662b5ebe1a405f135d1fb9b75553.jpg,Red,Cube,1
599,RedCubeLeft-35-_jpg.rf.b4a6781ed1b18f173801472cc6514e8c.jpg,Red,Cube,1
600,RedCubeLeft-36-_jpg.rf.3cc1d4532448559ad3b5e9d5108acd3c.jpg,Red,Cube,1
601,RedCubeLeft-36-_jpg.rf.826275996325735f06715f265df4af3a.jpg,Red,Cube,1
602,RedCubeLeft-36-_jpg.rf.df314e6edc96f63e41f39a6b3251371a.jpg,Red,Cube,1
603,RedCubeLeft-37-_jpg.rf.34ccbc7c44ba19ebad3a83cbeee5c4e5.jpg,Red,Cube,1
604,RedCubeLeft-37-_jpg.rf.437c3200e801248cdcf4b2d521d40874.jpg,Red,Cube,1
605,RedCubeLeft-37-_jpg.rf.eb8bd6d31e791b6db797ab37ce9024c2.jpg,Red,Cube,1
606,RedCubeLeft-38-_jpg.rf.50f7e71ab2125f736268df572e48758f.jpg,Red,Cube,1
607,RedCubeLeft-38-_jpg.rf.af3f2bc6598a71a953b425e098124cdf.jpg,Red,Cube,1
608,RedCubeLeft-38-_jpg.rf.db0cfb65d210a3556075008386ca79da.jpg,Red,Cube,1
609,RedCubeLeft-39-_jpg.rf.5a7db2388bc7cdb8de3b435a4dab60ab.jpg,Red,Cube,1
610,RedCubeLeft-39-_jpg.rf.77937dce85360211f2372edc9cf46009.jpg,Red,Cube,1
611,RedCubeLeft-39-_jpg.rf.fb2dee45588ad844b57fb3e57c719fe3.jpg,Red,Cube,1
612,RedCubeLeft-40-_jpg.rf.a98e3a260c99066a6e611b8c935433ce.jpg,Red,Cube,1
613,RedCubeLeft-40-_jpg.rf.bb2e26023f00100c71a16281b82b9240.jpg,Red,Cube,1
614,RedCubeLeft-40-_jpg.rf.c1827a7850ef8c3065d5d1ecb3463c58.jpg,Red,Cube,1
615,RedCubeLeft-41-_jpg.rf.49c0c81c40f44b0109d7f7bb8f905fa7.jpg,Red,Cube,1
616,RedCubeLeft-41-_jpg.rf.58de92a476618ae240868ccb18ec2afb.jpg,Red,Cube,1
617,RedCubeLeft-41-_jpg.rf.b4c17c305e5e9254c4b6227160854a6b.jpg,Red,Cube,1
618,RedCubeLeft-42-_jpg.rf.3e625a550c0ec89517e3f3526dcc852a.jpg,Red,Cube,1
619,RedCubeLeft-42-_jpg.rf.43bf91119d27480d20266c42c8413c0c.jpg,Red,Cube,1
620,RedCubeLeft-42-_jpg.rf.c30df74c5ef10823e6579dfa0c863a0b.jpg,Red,Cube,1
621,RedCubeLeft-43-_jpg.rf.46be5898c4a121dc7bad73d89fe3e4a8.jpg,Red,Cube,1
622,RedCubeLeft-43-_jpg.rf.8e826ca1910d06816d6dc00951f9969a.jpg,Red,Cube,1
623,RedCubeLeft-43-_jpg.rf.e7fcfc70a90da877b295883ba8d1c2c9.jpg,Red,Cube,1
624,RedCubeLeft-44-_jpg.rf.70fdcf6054ed7a78d98a8a5c400d37ff.jpg,Red,Cube,1
625,RedCubeLeft-44-_jpg.rf.c2cb5c4ef1612ee1a108f3aba716ebfb.jpg,Red,Cube,1
626,RedCubeMiddle-10-_jpg.rf.1075ee7e342315e855af46cd80b174a2.jpg,Red,Cube,1
627,RedCubeMiddle-10-_jpg.rf.139ca94fc8e24f7aaca205f666773311.jpg,Red,Cube,1
628,RedCubeMiddle-10-_jpg.rf.d1042a0741242fc371cc331d0c257716.jpg,Red,Cube,1
629,RedCubeMiddle-11-_jpg.rf.090578dea2079903ac6f8235da704898.jpg,Red,Cube,1
630,RedCubeMiddle-11-_jpg.rf.92c47d92b6da52925d1e3c4e5f3ec9df.jpg,Red,Cube,1
631,RedCubeMiddle-11-_jpg.rf.ea10c0c73fa235ef8b3ba635456b3fec.jpg,Red,Cube,1
632,RedCubeMiddle-12-_jpg.rf.4c37fe34bc51012a15d8293f0c0e3df8.jpg,Red,Cube,1
633,RedCubeMiddle-12-_jpg.rf.5cd02e179bd92041bb90d4ecc1591571.jpg,Red,Cube,1
634,RedCubeMiddle-12-_jpg.rf.b1dd56208b924abd6b37d46e1094f60e.jpg,Red,Cube,1
635,RedCubeMiddle-13-_jpg.rf.0590b018dd6bf3bd8cfe4e7c5d33247d.jpg,Red,Cube,1
636,RedCubeMiddle-13-_jpg.rf.160f45c467787fce8a258b281b952101.jpg,Red,Cube,1
637,RedCubeMiddle-13-_jpg.rf.61f3d3ae56019fda21b47ec220d462de.jpg,Red,Cube,1
638,RedCubeMiddle-14-_jpg.rf.49b66e7b7c1060df9b144d23f3afba9d.jpg,Red,Cube,1
639,RedCubeMiddle-14-_jpg.rf.6286ac1d2d10897dcb5b4b769379341d.jpg,Red,Cube,1
640,RedCubeMiddle-14-_jpg.rf.e15c29d130850d2640504b2e7d243d8c.jpg,Red,Cube,1
641,RedCubeMiddle-15-_jpg.rf.0e5f68a75459b5aa339d6beca664e2f1.jpg,Red,Cube,1
642,RedCubeMiddle-15-_jpg.rf.a7f209358d3c0a1c9f0d9a8f7ef68fa2.jpg,Red,Cube,1
643,RedCubeMiddle-15-_jpg.rf.cb83fd4fd3f4eff469d43c5efa4b4b51.jpg,Red,Cube,1
644,RedCubeMiddle-16-_jpg.rf.2eefd19be0ff87027a12c9b39e3eabcb.jpg,Red,Cube,1
645,RedCubeMiddle-16-_jpg.rf.3fac654927c42fb060e959c50cdc8c87.jpg,Red,Cube,1
646,RedCubeMiddle-17-_jpg.rf.589dcb7cfdc299cc7f3ddf03ffa97613.jpg,Red,Cube,1
647,RedCubeMiddle-17-_jpg.rf.b21d29cd914bf1e81b207c0a56d411c1.jpg,Red,Cube,1
648,RedCubeMiddle-17-_jpg.rf.eca02b660fede2036df328e57a20d7d4.jpg,Red,Cube,1
649,RedCubeMiddle-18-_jpg.rf.6c12044a5289de5ae1be9d2d32faf826.jpg,Red,Cube,1
650,RedCubeMiddle-18-_jpg.rf.aa2605ce75fe2d8e9bfef905b26a3303.jpg,Red,Cube,1
651,RedCubeMiddle-18-_jpg.rf.f8a2ff33f9af1d65902526b3d594f992.jpg,Red,Cube,1
652,RedCubeMiddle-19-_jpg.rf.e1d55318c726393986228598e3733473.jpg,Red,Cube,1
653,RedCubeMiddle-19-_jpg.rf.e338aa979f9679e5b89666a3f6d71249.jpg,Red,Cube,1
654,RedCubeMiddle-19-_jpg.rf.f78483aadd3a137972bea5615d245d2b.jpg,Red,Cube,1
655,RedCubeMiddle-20-_jpg.rf.73176d253bd224cc8d94711e4bedb6b6.jpg,Red,Cube,1
656,RedCubeMiddle-20-_jpg.rf.83de16d28979d45e0ccbb769cd084774.jpg,Red,Cube,1
657,RedCubeMiddle-20-_jpg.rf.ba40e5d4d7e5d9dc0f5494e78aeb01fa.jpg,Red,Cube,1
658,RedCubeMiddle-21-_jpg.rf.640f7341dd6fa39be4a6a23e97e231d8.jpg,Red,Cube,1
659,RedCubeMiddle-21-_jpg.rf.96515edcb4998921a3f2333b430fcd15.jpg,Red,Cube,1
660,RedCubeMiddle-21-_jpg.rf.acf1e4f1c58bc9182ca0077b0c9e91dd.jpg,Red,Cube,1
661,RedCubeMiddle-22-_jpg.rf.27efa021ca913599600a0f51f47c22ff.jpg,Red,Cube,1
662,RedCubeMiddle-22-_jpg.rf.3f128171600577f375a2766f87d18a41.jpg,Red,Cube,1
663,RedCubeMiddle-22-_jpg.rf.66c7d35b8d2200177c75b7b74cc48e3a.jpg,Red,Cube,1
664,RedCubeMiddle-23-_jpg.rf.98c6e5b8b73c8f3c5a82e2b6fcca3398.jpg,Red,Cube,1
665,RedCubeMiddle-23-_jpg.rf.990bd555e4b5ad20f8503589b2f98ce0.jpg,Red,Cube,1
666,RedCubeMiddle-23-_jpg.rf.f053b1d21d10f08455ad569872f03c46.jpg,Red,Cube,1
667,RedCubeMiddle-24-_jpg.rf.2305ec4e80b1b9e4043505c8b952efc1.jpg,Red,Cube,1
668,RedCubeMiddle-24-_jpg.rf.3d2422e18bf2daf6157c6c97f673196f.jpg,Red,Cube,1
669,RedCubeMiddle-24-_jpg.rf.cd113249271fc3054fdd11d24710a6e7.jpg,Red,Cube,1
670,RedCubeMiddle-25-_jpg.rf.79ec9797b151893fbdb3c91b35db6c82.jpg,Red,Cube,1
671,RedCubeMiddle-25-_jpg.rf.9b0f1db510c9f5885c91194c85f2696d.jpg,Red,Cube,1
672,RedCubeMiddle-25-_jpg.rf.ff2126335fc4272c266ef1dabb288806.jpg,Red,Cube,1
673,RedCubeMiddle-26-_jpg.rf.7e77d3aa914b4f6feb3f392dc3fcd351.jpg,Red,Cube,1
674,RedCubeMiddle-26-_jpg.rf.c20803b81e7e3d16fffc20564e816c94.jpg,Red,Cube,1
675,RedCubeMiddle-26-_jpg.rf.e23d067a6162e8e306409db0b6ffca15.jpg,Red,Cube,1
676,RedCubeMiddle-27-_jpg.rf.3ad5fef7ab71e83daac773372613ce93.jpg,Red,Cube,1
677,RedCubeMiddle-27-_jpg.rf.6f3f41a98cc1f16ae1db2cc8d0242137.jpg,Red,Cube,1
678,RedCubeMiddle-27-_jpg.rf.a65f22b26c8266d47194367886082732.jpg,Red,Cube,1
679,RedCubeMiddle-28-_jpg.rf.473da9451c248eca354bf9484ee0c0b7.jpg,Red,Cube,1
680,RedCubeMiddle-28-_jpg.rf.daf0dcb3df1ce7523085982d42823711.jpg,Red,Cube,1
681,RedCubeMiddle-28-_jpg.rf.ed61feb9a273843830e1c8f5e6f39616.jpg,Red,Cube,1
682,RedCubeMiddle-29-_jpg.rf.32dd171e562e5fe7a77b175d615c4eb8.jpg,Red,Cube,1
683,RedCubeMiddle-29-_jpg.rf.5b98c1f31d1693ec4bbe851dee69e68c.jpg,Red,Cube,1
684,RedCubeMiddle-29-_jpg.rf.d9cd669eafb2bfb773dcc848f682869e.jpg,Red,Cube,1
685,RedCubeMiddle-30-_jpg.rf.835888832413ec8ba54a496580069c63.jpg,Red,Cube,1
686,RedCubeMiddle-30-_jpg.rf.c6c4ea770102d7bd9560235d4cc51c0c.jpg,Red,Cube,1
687,RedCubeMiddle-30-_jpg.rf.cd84a341470c7bd569aaad29e621a2c4.jpg,Red,Cube,1
688,RedCubeMiddle-31-_jpg.rf.52acff12e57820588937180d0360c82d.jpg,Red,Cube,1
689,RedCubeMiddle-31-_jpg.rf.f10788f9f89b88c76130afec420539e8.jpg,Red,Cube,1
690,RedCubeMiddle-31-_jpg.rf.fd999a5903a8e5299211e97d155e69d2.jpg,Red,Cube,1
691,RedCubeMiddle-32-_jpg.rf.557254921c2103f3b5aabcf17901fd47.jpg,Red,Cube,1
692,RedCubeMiddle-32-_jpg.rf.8c23494b67ebf7fd8e1539dd6cde1c8e.jpg,Red,Cube,1
693,RedCubeMiddle-32-_jpg.rf.bf0071a9d1c19578e508b4aec647c10f.jpg,Red,Cube,1
694,RedCubeMiddle-33-_jpg.rf.6fe227bf95fb22b1d61c2f72099accf9.jpg,Red,Cube,1
695,RedCubeMiddle-33-_jpg.rf.9d0cf6532faad7583b6a207347f65a50.jpg,Red,Cube,1
696,RedCubeMiddle-33-_jpg.rf.fe1955eb65277d9b67d7dfae113ffc59.jpg,Red,Cube,1
697,RedCubeMiddle-34-_jpg.rf.0f0901ec1706b02756496f8523ae5cf8.jpg,Red,Cube,1
698,RedCubeMiddle-34-_jpg.rf.21be5ca05d7fd8af9dd0abffd2cb0a35.jpg,Red,Cube,1
699,RedCubeMiddle-34-_jpg.rf.4cf298b00f7f24a2652279ead2bc2ed7.jpg,Red,Cube,1
700,RedCubeMiddle-35-_jpg.rf.3388334fcfea7ed5dae4a5e9442e500c.jpg,Red,Cube,1
701,RedCubeMiddle-35-_jpg.rf.549a776b20eb50e17b52260dcacbff12.jpg,Red,Cube,1
702,RedCubeMiddle-35-_jpg.rf.923cf92f52d5477ac0b4fcfd0bb564c0.jpg,Red,Cube,1
703,RedCubeMiddle-36-_jpg.rf.51c761cf4e5593060ece1dd200b9e929.jpg,Red,Cube,1
704,RedCubeMiddle-36-_jpg.rf.edb0cc4525ff6ab978b7a7dca8c2cc6a.jpg,Red,Cube,1
705,RedCubeMiddle-37-_jpg.rf.93e861c59f7cb270a195e8240cd9ae09.jpg,Red,Cube,1
706,RedCubeMiddle-37-_jpg.rf.94684573c16cbb99c7f90424f8e72628.jpg,Red,Cube,1
707,RedCubeMiddle-37-_jpg.rf.de2b392307e3ab6eda33b5da3cc9ae1f.jpg,Red,Cube,1
708,RedCubeMiddle-5-_jpg.rf.b32fc7e906e20c07f2977303d53bb1c8.jpg,Red,Cube,1
709,RedCubeMiddle-5-_jpg.rf.d71da61a681b83bfcb43ecbb5cdc479a.jpg,Red,Cube,1
710,RedCubeMiddle-6-_jpg.rf.065fae5042f7aa34bad144dc4e229559.jpg,Red,Cube,1
711,RedCubeMiddle-6-_jpg.rf.adcffcd1e381c190a871d12d4cb829a0.jpg,Red,Cube,1
712,RedCubeMiddle-7-_jpg.rf.013978a5f643850e8037c27714e21405.jpg,Red,Cube,1
713,RedCubeMiddle-7-_jpg.rf.96766b388368b3a9e0d5fe7aa8c58e85.jpg,Red,Cube,1
714,RedCubeMiddle-7-_jpg.rf.d310be6d5d6610f142b4cac1c81413e0.jpg,Red,Cube,1
715,RedCubeMiddle-8-_jpg.rf.52b596dc27cc73d89b388b4848521e7b.jpg,Red,Cube,1
716,RedCubeMiddle-8-_jpg.rf.615aa67b6fd485b0d2940df3b38c45fb.jpg,Red,Cube,1
717,RedCubeMiddle-8-_jpg.rf.c91fce4c1849593cf1a755365962e42d.jpg,Red,Cube,1
718,RedCubeMiddle-9-_jpg.rf.40c35982de795275e9070030a1b10144.jpg,Red,Cube,1
719,RedCubeMiddle-9-_jpg.rf.8a246cde00460529be13156c99a7a793.jpg,Red,Cube,1
720,RedCubeMiddle-9-_jpg.rf.b32380d5b9158b433bb32588ee8cc9fe.jpg,Red,Cube,1
721,RedCubeRight-10-_jpg.rf.214ae09ea6294d472c0f50aae08b351e.jpg,Red,Cube,1
722,RedCubeRight-10-_jpg.rf.a400d4468c6838980b0ad0fc439899ad.jpg,Red,Cube,1
723,RedCubeRight-10-_jpg.rf.d49644c026aa9f101e06ec5ff4bd1539.jpg,Red,Cube,1
724,RedCubeRight-11-_jpg.rf.71a1030563517c74ceb80c0e9f42b684.jpg,Red,Cube,1
725,RedCubeRight-11-_jpg.rf.72882e00395f3319898acb0c7b770609.jpg,Red,Cube,1
726,RedCubeRight-11-_jpg.rf.f9a7c485bccb22fab9642789c1b6d1d3.jpg,Red,Cube,1
727,RedCubeRight-12-_jpg.rf.61ac07070bbde9ff67daaedb543c34ff.jpg,Red,Cube,1
728,RedCubeRight-12-_jpg.rf.80485ae5fe4ae6fafa16ba1035f5600a.jpg,Red,Cube,1
729,RedCubeRight-12-_jpg.rf.9c9a83f5fc7cde130f7fff6f6b9c6287.jpg,Red,Cube,1
730,RedCubeRight-13-_jpg.rf.26b74af7dfd0ae0e23bc6231c1debfb4.jpg,Red,Cube,1
731,RedCubeRight-13-_jpg.rf.870afbf33376313ad430fb39935fd9b3.jpg,Red,Cube,1
732,RedCubeRight-13-_jpg.rf.d1133ee7736c6b382f92913f56168277.jpg,Red,Cube,1
733,RedCubeRight-14-_jpg.rf.05ece3c94b1dcc696a03f1fc4714848d.jpg,Red,Cube,1
734,RedCubeRight-14-_jpg.rf.20cb149da2c09ae47b0e86ac73601633.jpg,Red,Cube,1
735,RedCubeRight-14-_jpg.rf.a508afda9f5eb110d89b9fea17b7d3e8.jpg,Red,Cube,1
736,RedCubeRight-15-_jpg.rf.4669dfc5a027f7f61267d44b1c420384.jpg,Red,Cube,1
737,RedCubeRight-15-_jpg.rf.4cb81eefa5e4fecbe4812273aae5e4d7.jpg,Red,Cube,1
738,RedCubeRight-15-_jpg.rf.ee06e0d9570ac8b02ae9752ea1f12d49.jpg,Red,Cube,1
739,RedCubeRight-16-_jpg.rf.4154d0462c6adb57e10b26fe78c4a4b9.jpg,Red,Cube,1
740,RedCubeRight-16-_jpg.rf.5847332625e0cac1021523f98ce0a77d.jpg,Red,Cube,1
741,RedCubeRight-16-_jpg.rf.62687a190bb40d131d16acdbab00c877.jpg,Red,Cube,1
742,RedCubeRight-17-_jpg.rf.76b0f341bcc9843bd5b7e22342f31939.jpg,Red,Cube,1
743,RedCubeRight-17-_jpg.rf.7a91db8f44d7b9e750c0cd31036756be.jpg,Red,Cube,1
744,RedCubeRight-17-_jpg.rf.c1cd404cca9d59dff223fc39af0ea247.jpg,Red,Cube,1
745,RedCubeRight-18-_jpg.rf.84273a41317b7d65a131d14d7b7b04ee.jpg,Red,Cube,1
746,RedCubeRight-18-_jpg.rf.afa08d06c59eda26e7e70d466191de68.jpg,Red,Cube,1
747,RedCubeRight-18-_jpg.rf.b1aba64ff9dcef8fc08b2be8b7d10b03.jpg,Red,Cube,1
748,RedCubeRight-19-_jpg.rf.4cc75bb555c16075d37c4712d1510746.jpg,Red,Cube,1
749,RedCubeRight-19-_jpg.rf.5c16ef3327357a500df90c6306263dbd.jpg,Red,Cube,1
750,RedCubeRight-19-_jpg.rf.bb8ed1aa23ab51331d7ab095d24d9cb2.jpg,Red,Cube,1
751,RedCubeRight-20-_jpg.rf.136f9635ed73bdd396b41dcd6a50bde4.jpg,Red,Cube,1
752,RedCubeRight-20-_jpg.rf.821c72080f8355f4b24fb9a4c721b609.jpg,Red,Cube,1
753,RedCubeRight-20-_jpg.rf.95de7bc6152534c09b4937c8616af1f2.jpg,Red,Cube,1
754,RedCubeRight-21-_jpg.rf.20d7759a973415d8346453df25d1c355.jpg,Red,Cube,1
755,RedCubeRight-21-_jpg.rf.b54858276974714a2b12e6502506c432.jpg,Red,Cube,1
756,RedCubeRight-21-_jpg.rf.be5346cf5c5f5ce16cea55321510e5bd.jpg,Red,Cube,1
757,RedCubeRight-22-_jpg.rf.92b268c94202dfa3de411c760a39bf6f.jpg,Red,Cube,1
758,RedCubeRight-22-_jpg.rf.9e26a3654c2c8ea563b273297858f0eb.jpg,Red,Cube,1
759,RedCubeRight-22-_jpg.rf.e5fcd2809dfc4f6f24eebf232952bb04.jpg,Red,Cube,1
760,RedCubeRight-23-_jpg.rf.143deab3e85505b66acc685aa2127324.jpg,Red,Cube,1
761,RedCubeRight-23-_jpg.rf.d8131a7b14080ca5dc1dfa795347a4ea.jpg,Red,Cube,1
762,RedCubeRight-23-_jpg.rf.d9a3243c3bc4dfe12bfe8891c2a82630.jpg,Red,Cube,1
763,RedCubeRight-24-_jpg.rf.7b816da44997d303400b01279c215756.jpg,Red,Cube,1
764,RedCubeRight-24-_jpg.rf.8a614a35b5ac36160012dbfb50ad8d84.jpg,Red,Cube,1
765,RedCubeRight-24-_jpg.rf.e4647a59bfbd93231364f5369bce35a8.jpg,Red,Cube,1
766,RedCubeRight-25-_jpg.rf.51147c070971086d041f7df85485c1d4.jpg,Red,Cube,1
767,RedCubeRight-25-_jpg.rf.54a040ffc363ace06b7c9b5233c6ce99.jpg,Red,Cube,1
768,RedCubeRight-25-_jpg.rf.f157012688a7460554daf929c64fe5ef.jpg,Red,Cube,1
769,RedCubeRight-26-_jpg.rf.1f2319f820e7f58eb99376c4a432264b.jpg,Red,Cube,1
770,RedCubeRight-26-_jpg.rf.73d02ac32b9628a859c3a77ba4c14f93.jpg,Red,Cube,1
771,RedCubeRight-26-_jpg.rf.93b891a4cd9d8449d5985f5b6c7c623e.jpg,Red,Cube,1
772,RedCubeRight-27-_jpg.rf.585dacc58166116db8eb28ffa8e4c55d.jpg,Red,Cube,1
773,RedCubeRight-27-_jpg.rf.5ef649e3c86354d7eefc6691b9a5e3df.jpg,Red,Cube,1
774,RedCubeRight-27-_jpg.rf.e9cb3d73bb7837e3b17693e78986ac07.jpg,Red,Cube,1
775,RedCubeRight-28-_jpg.rf.4ce6ae71b4f641abd0f091bc4e2003aa.jpg,Red,Cube,1
776,RedCubeRight-28-_jpg.rf.77c3b2b8e8f68eac6ee03fad082e4c7d.jpg,Red,Cube,1
777,RedCubeRight-28-_jpg.rf.e35625186fec4f147e13dce4e1af38fe.jpg,Red,Cube,1
778,RedCubeRight-29-_jpg.rf.02927766a0014ad8ba2a2dd0fbcc6c35.jpg,Red,Cube,1
779,RedCubeRight-29-_jpg.rf.d052325324fef23c9441538337ff2704.jpg,Red,Cube,1
780,RedCubeRight-29-_jpg.rf.e56a54bb0b7b6b622fbbc3ba528628a6.jpg,Red,Cube,1
781,RedCubeRight-30-_jpg.rf.867e29ea481cff05c499aaac181bec53.jpg,Red,Cube,1
782,RedCubeRight-30-_jpg.rf.c2180cd9d57455b1ec88c7ad247c838a.jpg,Red,Cube,1
783,RedCubeRight-30-_jpg.rf.ef65a1f0ed1a232e3841591e8eb86a0c.jpg,Red,Cube,1
784,RedCubeRight-6-_jpg.rf.26093e5e7cc3ea3e81f18c1cce5f6d80.jpg,Red,Cube,1
785,RedCubeRight-6-_jpg.rf.8dbcf0b890b44d46f810c4e07c13f523.jpg,Red,Cube,1
786,RedCubeRight-6-_jpg.rf.dc9ec2bc582d923214ab09e5f01ad736.jpg,Red,Cube,1
787,RedCubeRight-7-_jpg.rf.630cb5c8ac5d0c15b49c0195eb06001d.jpg,Red,Cube,1
788,RedCubeRight-7-_jpg.rf.90726064c6b4dfcb402ae1850c6d48e6.jpg,Red,Cube,1
789,RedCubeRight-7-_jpg.rf.e11c61a1d9471670a956a88d01ef5da7.jpg,Red,Cube,1
790,RedCubeRight-8-_jpg.rf.11c9b710a4ce8d14033e77e68cbbe08d.jpg,Red,Cube,1
791,RedCubeRight-8-_jpg.rf.2a16b526b8bf79e69b3ceed7f0b7beaf.jpg,Red,Cube,1
792,RedCubeRight-8-_jpg.rf.f28a1b967969e01abdd9837f19553102.jpg,Red,Cube,1
793,RedCubeRight-9-_jpg.rf.23a1af40234bd9083f4dea20e5d514e3.jpg,Red,Cube,1
794,RedCubeRight-9-_jpg.rf.efa6864ee01233120e6b083c3c7c1587.jpg,Red,Cube,1
795,RedCubeRight-9-_jpg.rf.f6c60d3b34613eb6c0caf2f24c438ded.jpg,Red,Cube,1
